cve_id,published,last_modified,vuln_status,cwe_id,nvd_extracted_at_utc,cvss_version,cvss_source,base_score,severity,attack_vector,attack_complexity,privileges_required,user_interaction,confidentiality_impact,integrity_impact,availability_impact,vendor_project,product,vulnerability_name,date_added,short_description,required_action,due_date,known_ransomware_campaign_use,notes,kev_extracted_at_utc,in_kev,days_to_kev
CVE-2024-21696,2025-01-01 00:15:36.777000+00:00,2025-01-01 00:15:36.777000+00:00,Rejected,,2026-09-10T23:40:04.178604Z,,,,,,,,,,,,,,,,,,,,,,0,
CVE-2024-21709,2025-01-01 00:15:37.207000+00:00,2025-01-01 00:15:37.207000+00:00,Rejected,,2026-09-10T23:40:04.178604Z,,,,,,,,,,,,,,,,,,,,,,0,
CVE-2024-21714,2025-01-01 00:15:37.527000+00:00,2025-01-01 00:15:37.527000+00:00,Rejected,,2026-09-10T23:40:04.178604Z,,,,,,,,,,,,,,,,,,,,,,0,
CVE-2024-23393,2025-01-01 00:15:38.290000+00:00,2025-01-01 00:15:38.290000+00:00,Rejected,,2026-09-10T23:40:04.178604Z,,,,,,,,,,,,,,,,,,,,,,0,
CVE-2024-23395,2025-01-01 00:15:38.420000+00:00,2025-01-01 00:15:38.420000+00:00,Rejected,,2026-09-10T23:40:04.178604Z,,,,,,,,,,,,,,,,,,,,,,0,
CVE-2024-23409,2025-01-01 00:15:39.353000+00:00,2025-01-01 00:15:39.353000+00:00,Rejected,,2026-09-10T23:40:04.178604Z,,,,,,,,,,,,,,,,,,,,,,0,
CVE-2024-23412,2025-01-01 00:15:39.533000+00:00,2025-01-01 00:15:39.533000+00:00,Rejected,,2026-09-10T23:40:04.178604Z,,,,,,,,,,,,,,,,,,,,,,0,
CVE-2024-23421,2025-01-01 00:15:40.100000+00:00,2025-01-01 00:15:40.100000+00:00,Rejected,,2026-09-10T23:40:04.178604Z,,,,,,,,,,,,,,,,,,,,,,0,
CVE-2024-23432,2025-01-01 00:15:40.793000+00:00,2025-01-01 00:15:40.793000+00:00,Rejected,,2026-09-10T23:40:04.178604Z,,,,,,,,,,,,,,,,,,,,,,0,
CVE-2024-56027,2025-01-02 10:15:07.060000+00:00,2026-06-17 08:11:36.857000+00:00,Deferred,CWE-79,2026-09-10T23:40:04.178604Z,3.1,audit@patchstack.com,7.1,HIGH,NETWORK,LOW,NONE,REQUIRED,LOW,LOW,LOW,,,,,,,,,,,0,
CVE-2024-56032,2025-01-02 10:15:07.663000+00:00,2026-06-17 08:11:37.370000+00:00,Deferred,CWE-79,2026-09-10T23:40:04.178604Z,3.1,audit@patchstack.com,7.1,HIGH,NETWORK,LOW,NONE,REQUIRED,LOW,LOW,LOW,,,,,,,,,,,0,
CVE-2024-56034,2025-01-02 10:15:07.947000+00:00,2026-06-17 08:11:37.570000+00:00,Deferred,CWE-79,2026-09-10T23:40:04.178604Z,3.1,audit@patchstack.com,7.1,HIGH,NETWORK,LOW,NONE,REQUIRED,LOW,LOW,LOW,,,,,,,,,,,0,
CVE-2024-56035,2025-01-02 10:15:08.080000+00:00,2026-06-17 08:11:37.670000+00:00,Deferred,CWE-79,2026-09-10T23:40:04.178604Z,3.1,audit@patchstack.com,7.1,HIGH,NETWORK,LOW,NONE,REQUIRED,LOW,LOW,LOW,,,,,,,,,,,0,
CVE-2023-45275,2025-01-02 12:15:09.253000+00:00,2026-06-17 06:28:33.773000+00:00,Deferred,CWE-862,2026-09-10T23:40:04.178604Z,3.1,audit@patchstack.com,6.5,MEDIUM,NETWORK,LOW,LOW,NONE,HIGH,NONE,NONE,,,,,,,,,,,0,
CVE-2023-46203,2025-01-02 12:15:11.560000+00:00,2026-06-17 06:30:20.990000+00:00,Deferred,CWE-862,2026-09-10T23:40:04.178604Z,3.1,audit@patchstack.com,4.3,MEDIUM,NETWORK,LOW,LOW,NONE,NONE,LOW,NONE,,,,,,,,,,,0,
CVE-2023-46632,2025-01-02 12:15:13.643000+00:00,2026-06-17 06:31:15.047000+00:00,Deferred,CWE-862,2026-09-10T23:40:04.178604Z,3.1,audit@patchstack.com,7.1,HIGH,NETWORK,LOW,LOW,NONE,NONE,LOW,HIGH,,,,,,,,,,,0,
CVE-2024-37104,2025-01-02 12:15:17.733000+00:00,2026-06-17 07:37:45.957000+00:00,Modified,CWE-352,2026-09-10T23:40:04.178604Z,3.1,audit@patchstack.com,4.3,MEDIUM,NETWORK,LOW,NONE,REQUIRED,NONE,LOW,NONE,,,,,,,,,,,0,
CVE-2024-37473,2025-01-02 12:15:20.850000+00:00,2026-06-17 07:38:25.973000+00:00,Deferred,CWE-352,2026-09-10T23:40:04.178604Z,3.1,audit@patchstack.com,4.3,MEDIUM,NETWORK,LOW,NONE,REQUIRED,NONE,LOW,NONE,,,,,,,,,,,0,
CVE-2024-38751,2025-01-02 12:15:22.680000+00:00,2026-06-17 07:40:59.820000+00:00,Deferred,CWE-352,2026-09-10T23:40:04.178604Z,3.1,audit@patchstack.com,4.3,MEDIUM,NETWORK,LOW,NONE,REQUIRED,NONE,LOW,NONE,,,,,,,,,,,0,
CVE-2024-38763,2025-01-02 12:15:23.207000+00:00,2026-06-17 07:41:01.100000+00:00,Deferred,CWE-352,2026-09-10T23:40:04.178604Z,3.1,audit@patchstack.com,4.3,MEDIUM,NETWORK,LOW,NONE,REQUIRED,NONE,LOW,NONE,,,,,,,,,,,0,
CVE-2024-38789,2025-01-02 12:15:23.633000+00:00,2026-06-17 07:41:03.773000+00:00,Deferred,CWE-352,2026-09-10T23:40:04.178604Z,3.1,audit@patchstack.com,5.4,MEDIUM,NETWORK,LOW,NONE,REQUIRED,NONE,LOW,LOW,,,,,,,,,,,0,
CVE-2024-56251,2025-01-02 12:15:26.840000+00:00,2026-06-17 08:11:55.560000+00:00,Deferred,CWE-352,2026-09-10T23:40:04.178604Z,3.1,audit@patchstack.com,4.3,MEDIUM,NETWORK,LOW,NONE,REQUIRED,NONE,LOW,NONE,,,,,,,,,,,0,
CVE-2024-56253,2025-01-02 12:15:27.110000+00:00,2026-06-17 08:11:55.770000+00:00,Deferred,CWE-862,2026-09-10T23:40:04.178604Z,3.1,audit@patchstack.com,5.4,MEDIUM,NETWORK,LOW,LOW,NONE,NONE,LOW,LOW,,,,,,,,,,,0,
CVE-2024-56259,2025-01-02 12:15:27.647000+00:00,2026-06-17 08:11:56.383000+00:00,Modified,CWE-79,2026-09-10T23:40:04.178604Z,3.1,nvd@nist.gov,5.4,MEDIUM,NETWORK,LOW,LOW,REQUIRED,LOW,LOW,NONE,,,,,,,,,,,0,
CVE-2024-38778,2025-01-02 13:15:07.520000+00:00,2026-06-17 07:41:02.607000+00:00,Deferred,CWE-352,2026-09-10T23:40:04.178604Z,3.1,audit@patchstack.com,4.3,MEDIUM,NETWORK,LOW,NONE,REQUIRED,NONE,LOW,NONE,,,,,,,,,,,0,
CVE-2023-48758,2025-01-02 15:15:20.920000+00:00,2026-06-17 06:34:54.617000+00:00,Deferred,CWE-862,2026-09-10T23:40:04.178604Z,3.1,audit@patchstack.com,7.1,HIGH,NETWORK,LOW,LOW,NONE,NONE,LOW,HIGH,,,,,,,,,,,0,
CVE-2024-56137,2025-01-02 15:15:24.283000+00:00,2026-06-17 08:11:44.880000+00:00,Analyzed,CWE-78,2026-09-10T23:40:04.178604Z,3.1,nvd@nist.gov,7.2,HIGH,NETWORK,LOW,HIGH,NONE,HIGH,HIGH,HIGH,,,,,,,,,,,0,
CVE-2024-55540,2025-01-02 16:15:07.847000+00:00,2026-06-17 08:11:12.327000+00:00,Analyzed,CWE-427,2026-09-10T23:40:04.178604Z,3.1,nvd@nist.gov,7.8,HIGH,LOCAL,LOW,NONE,REQUIRED,HIGH,HIGH,HIGH,,,,,,,,,,,0,
CVE-2024-56413,2025-01-02 16:15:08.570000+00:00,2026-06-17 08:12:09.753000+00:00,Deferred,CWE-613,2026-09-10T23:40:04.178604Z,3.0,security@acronis.com,6.1,MEDIUM,ADJACENT_NETWORK,LOW,HIGH,NONE,HIGH,HIGH,NONE,,,,,,,,,,,0,
CVE-2024-56414,2025-01-02 16:15:08.693000+00:00,2026-06-17 08:12:09.857000+00:00,Deferred,CWE-328,2026-09-10T23:40:04.178604Z,3.0,security@acronis.com,5.5,MEDIUM,LOCAL,LOW,LOW,NONE,NONE,HIGH,NONE,,,,,,,,,,,0,
CVE-2024-48197,2025-01-02 19:16:23.390000+00:00,2026-07-05 16:19:08.433000+00:00,Deferred,CWE-79,2026-09-10T23:40:04.178604Z,3.1,134c704f-9b21-4f2e-91b3-4a467353bcc0,4.7,MEDIUM,NETWORK,LOW,NONE,REQUIRED,NONE,LOW,NONE,,,,,,,,,,,0,
CVE-2025-0175,2025-01-03 01:15:08.263000+00:00,2026-06-17 08:26:00.980000+00:00,Analyzed,CWE-79,2026-09-10T23:40:04.178604Z,4.0,cna@vuldb.com,5.3,MEDIUM,NETWORK,LOW,LOW,NONE,,,,,,,,,,,,,,0,
CVE-2024-53841,2025-01-03 04:15:06.893000+00:00,2026-06-17 08:09:23.850000+00:00,Analyzed,CWE-276,2026-09-10T23:40:04.178604Z,3.1,134c704f-9b21-4f2e-91b3-4a467353bcc0,7.8,HIGH,LOCAL,LOW,LOW,NONE,HIGH,HIGH,HIGH,,,,,,,,,,,0,
CVE-2024-36613,2025-01-03 18:15:15.343000+00:00,2026-06-17 07:37:01.637000+00:00,Analyzed,CWE-190,2026-09-10T23:40:04.178604Z,3.1,134c704f-9b21-4f2e-91b3-4a467353bcc0,6.2,MEDIUM,LOCAL,LOW,NONE,NONE,NONE,NONE,HIGH,,,,,,,,,,,0,
CVE-2024-56412,2025-01-03 18:15:16.380000+00:00,2026-06-17 08:12:09.637000+00:00,Analyzed,CWE-79,2026-09-10T23:40:04.178604Z,4.0,security-advisories@github.com,4.8,MEDIUM,NETWORK,LOW,LOW,ACTIVE,,,,,,,,,,,,,,0,
CVE-2025-22383,2025-01-04 02:15:06.797000+00:00,2026-06-17 08:46:55.457000+00:00,Analyzed,CWE-79,2026-09-10T23:40:04.178604Z,3.1,134c704f-9b21-4f2e-91b3-4a467353bcc0,4.6,MEDIUM,NETWORK,LOW,LOW,REQUIRED,LOW,LOW,NONE,,,,,,,,,,,0,
CVE-2025-22389,2025-01-04 02:15:07.600000+00:00,2026-06-17 08:46:58.843000+00:00,Analyzed,CWE-434,2026-09-10T23:40:04.178604Z,3.1,134c704f-9b21-4f2e-91b3-4a467353bcc0,8.0,HIGH,NETWORK,LOW,LOW,REQUIRED,HIGH,HIGH,HIGH,,,,,,,,,,,0,
CVE-2024-10932,2025-01-04 08:15:05.713000+00:00,2026-06-17 06:56:43.550000+00:00,Deferred,CWE-502,2026-09-10T23:40:04.178604Z,3.1,security@wordfence.com,8.8,HIGH,NETWORK,LOW,NONE,REQUIRED,HIGH,HIGH,HIGH,,,,,,,,,,,0,
CVE-2024-12279,2025-01-04 12:15:24.453000+00:00,2026-06-17 06:59:24.813000+00:00,Analyzed,CWE-352,2026-09-10T23:40:04.178604Z,3.1,security@wordfence.com,6.1,MEDIUM,NETWORK,LOW,NONE,REQUIRED,LOW,LOW,NONE,,,,,,,,,,,0,
CVE-2025-0220,2025-01-05 13:15:05.850000+00:00,2026-06-17 08:26:06.383000+00:00,Deferred,CWE-79,2026-09-10T23:40:04.178604Z,4.0,cna@vuldb.com,5.1,MEDIUM,NETWORK,LOW,HIGH,NONE,,,,,,,,,,,,,,0,
CVE-2025-0224,2025-01-05 17:15:06.027000+00:00,2026-06-17 08:26:06.920000+00:00,Deferred,CWE-200,2026-09-10T23:40:04.178604Z,4.0,cna@vuldb.com,6.9,MEDIUM,NETWORK,LOW,NONE,NONE,,,,,,,,,,,,,,0,
CVE-2024-20149,2025-01-06 04:15:07.193000+00:00,2026-06-17 07:06:05.357000+00:00,Analyzed,CWE-1284,2026-09-10T23:40:04.178604Z,3.1,134c704f-9b21-4f2e-91b3-4a467353bcc0,7.5,HIGH,NETWORK,LOW,NONE,NONE,NONE,NONE,HIGH,,,,,,,,,,,0,
CVE-2024-11849,2025-01-06 06:15:06.390000+00:00,2026-06-17 06:58:34.747000+00:00,Analyzed,CWE-79,2026-09-10T23:40:04.178604Z,3.1,134c704f-9b21-4f2e-91b3-4a467353bcc0,6.1,MEDIUM,NETWORK,LOW,NONE,REQUIRED,LOW,LOW,NONE,,,,,,,,,,,0,
CVE-2024-23366,2025-01-06 11:15:07.977000+00:00,2026-06-17 07:12:47.253000+00:00,Analyzed,CWE-125,2026-09-10T23:40:04.178604Z,3.1,nvd@nist.gov,5.5,MEDIUM,LOCAL,LOW,LOW,NONE,HIGH,NONE,NONE,,,,,,,,,,,0,
CVE-2024-43064,2025-01-06 11:15:09.073000+00:00,2026-06-17 07:50:22.707000+00:00,Analyzed,CWE-770,2026-09-10T23:40:04.178604Z,3.1,nvd@nist.gov,4.7,MEDIUM,LOCAL,HIGH,LOW,NONE,NONE,NONE,HIGH,,,,,,,,,,,0,
CVE-2024-45548,2025-01-06 11:15:09.887000+00:00,2026-06-17 07:54:24.827000+00:00,Analyzed,CWE-125,2026-09-10T23:40:04.178604Z,3.1,product-security@qualcomm.com,7.8,HIGH,LOCAL,LOW,LOW,NONE,HIGH,HIGH,HIGH,,,,,,,,,,,0,
CVE-2024-8474,2025-01-06 15:15:14.983000+00:00,2026-06-17 08:22:40.657000+00:00,Analyzed,CWE-212,2026-09-10T23:40:04.178604Z,3.1,134c704f-9b21-4f2e-91b3-4a467353bcc0,7.5,HIGH,NETWORK,LOW,NONE,NONE,HIGH,NONE,NONE,,,,,,,,,,,0,
CVE-2024-51112,2025-01-06 16:15:28.943000+00:00,2026-07-05 01:21:00.810000+00:00,Modified,CWE-79,2026-09-10T23:40:04.178604Z,3.1,134c704f-9b21-4f2e-91b3-4a467353bcc0,6.1,MEDIUM,NETWORK,LOW,NONE,REQUIRED,LOW,LOW,NONE,,,,,,,,,,,0,
CVE-2024-55529,2025-01-06 18:15:22.183000+00:00,2026-06-17 08:11:11.820000+00:00,Analyzed,CWE-94,2026-09-10T23:40:04.178604Z,3.1,134c704f-9b21-4f2e-91b3-4a467353bcc0,9.8,CRITICAL,NETWORK,LOW,NONE,NONE,HIGH,HIGH,HIGH,,,,,,,,,,,0,
CVE-2024-46981,2025-01-06 22:15:09.360000+00:00,2026-06-17 07:56:18.577000+00:00,Analyzed,CWE-416,2026-09-10T23:40:04.178604Z,3.1,nvd@nist.gov,9.8,CRITICAL,NETWORK,LOW,NONE,NONE,HIGH,HIGH,HIGH,,,,,,,,,,,0,
CVE-2024-53931,2025-01-06 22:15:10.070000+00:00,2026-06-17 08:09:30.870000+00:00,Deferred,CWE-732,2026-09-10T23:40:04.178604Z,3.1,134c704f-9b21-4f2e-91b3-4a467353bcc0,9.1,CRITICAL,NETWORK,LOW,NONE,NONE,HIGH,HIGH,NONE,,,,,,,,,,,0,
CVE-2024-11934,2025-01-07 04:15:07.520000+00:00,2026-06-17 06:58:43.667000+00:00,Deferred,CWE-79,2026-09-10T23:40:04.178604Z,3.1,security@wordfence.com,6.4,MEDIUM,NETWORK,LOW,LOW,NONE,LOW,LOW,NONE,,,,,,,,,,,0,
CVE-2024-12457,2025-01-07 05:15:19.453000+00:00,2026-06-17 06:59:45.170000+00:00,Deferred,CWE-79,2026-09-10T23:40:04.178604Z,3.1,security@wordfence.com,6.4,MEDIUM,NETWORK,LOW,LOW,NONE,LOW,LOW,NONE,,,,,,,,,,,0,
CVE-2024-12470,2025-01-07 05:15:19.823000+00:00,2026-06-17 06:59:46.573000+00:00,Deferred,CWE-266,2026-09-10T23:40:04.178604Z,3.1,security@wordfence.com,9.8,CRITICAL,NETWORK,LOW,NONE,NONE,HIGH,HIGH,HIGH,,,,,,,,,,,0,
CVE-2024-12261,2025-01-07 06:15:15.593000+00:00,2026-06-17 06:59:21.357000+00:00,Deferred,CWE-79,2026-09-10T23:40:04.178604Z,3.1,security@wordfence.com,6.1,MEDIUM,NETWORK,LOW,NONE,REQUIRED,LOW,LOW,NONE,,,,,,,,,,,0,
CVE-2024-12624,2025-01-07 07:15:27.747000+00:00,2026-06-17 07:00:09.990000+00:00,Analyzed,CWE-79,2026-09-10T23:40:04.178604Z,3.1,nvd@nist.gov,5.4,MEDIUM,NETWORK,LOW,LOW,REQUIRED,LOW,LOW,NONE,,,,,,,,,,,0,
CVE-2024-11626,2025-01-07 08:15:24.613000+00:00,2026-06-17 06:58:06.073000+00:00,Analyzed,CWE-79,2026-09-10T23:40:04.178604Z,3.1,nvd@nist.gov,4.8,MEDIUM,NETWORK,LOW,HIGH,REQUIRED,LOW,LOW,NONE,,,,,,,,,,,0,
CVE-2024-49633,2025-01-07 11:15:07.570000+00:00,2026-06-17 08:00:11.393000+00:00,Modified,CWE-79,2026-09-10T23:40:04.178604Z,3.1,nvd@nist.gov,6.1,MEDIUM,NETWORK,LOW,NONE,REQUIRED,LOW,LOW,NONE,,,,,,,,,,,0,
CVE-2024-51715,2025-01-07 11:15:08.460000+00:00,2026-06-17 08:06:11.890000+00:00,Modified,CWE-89,2026-09-10T23:40:04.178604Z,3.1,audit@patchstack.com,8.5,HIGH,NETWORK,LOW,LOW,NONE,HIGH,NONE,LOW,,,,,,,,,,,0,
CVE-2025-22327,2025-01-07 11:15:16.870000+00:00,2026-06-17 08:46:30.193000+00:00,Deferred,CWE-79,2026-09-10T23:40:04.178604Z,3.1,audit@patchstack.com,6.5,MEDIUM,NETWORK,LOW,LOW,REQUIRED,LOW,LOW,LOW,,,,,,,,,,,0,
CVE-2025-22353,2025-01-07 11:15:18.693000+00:00,2026-06-17 08:46:42.657000+00:00,Deferred,CWE-79,2026-09-10T23:40:04.178604Z,3.1,audit@patchstack.com,7.1,HIGH,NETWORK,LOW,NONE,REQUIRED,LOW,LOW,LOW,,,,,,,,,,,0,
CVE-2025-22362,2025-01-07 11:15:19.453000+00:00,2026-06-17 08:46:47.070000+00:00,Deferred,CWE-79,2026-09-10T23:40:04.178604Z,3.1,audit@patchstack.com,6.5,MEDIUM,NETWORK,LOW,LOW,REQUIRED,LOW,LOW,LOW,,,,,,,,,,,0,
CVE-2024-12033,2025-01-07 12:15:23.900000+00:00,2026-06-17 06:58:55.490000+00:00,Analyzed,CWE-862,2026-09-10T23:40:04.178604Z,3.1,security@wordfence.com,4.3,MEDIUM,NETWORK,LOW,LOW,NONE,NONE,LOW,NONE,,,,,,,,,,,0,
CVE-2024-12532,2025-01-07 12:15:24.363000+00:00,2026-06-17 06:59:53.763000+00:00,Deferred,CWE-200,2026-09-10T23:40:04.178604Z,3.1,security@wordfence.com,4.3,MEDIUM,NETWORK,LOW,LOW,NONE,LOW,NONE,NONE,,,,,,,,,,,0,
CVE-2024-52366,2025-01-07 12:15:24.680000+00:00,2026-06-17 08:07:05.877000+00:00,Analyzed,CWE-327,2026-09-10T23:40:04.178604Z,3.1,psirt@us.ibm.com,5.9,MEDIUM,NETWORK,HIGH,NONE,NONE,HIGH,NONE,NONE,,,,,,,,,,,0,
CVE-2024-52813,2025-01-07 16:15:35.610000+00:00,2026-06-17 08:07:40.437000+00:00,Deferred,CWE-223,2026-09-10T23:40:04.178604Z,3.1,security-advisories@github.com,4.3,MEDIUM,NETWORK,LOW,LOW,NONE,LOW,NONE,NONE,,,,,,,,,,,0,
CVE-2025-22528,2025-01-07 16:15:47.987000+00:00,2026-06-17 08:48:01.333000+00:00,Deferred,CWE-79,2026-09-10T23:40:04.178604Z,3.1,audit@patchstack.com,6.5,MEDIUM,NETWORK,LOW,LOW,REQUIRED,LOW,LOW,LOW,,,,,,,,,,,0,
CVE-2025-22529,2025-01-07 16:15:48.180000+00:00,2026-06-17 08:48:01.810000+00:00,Deferred,CWE-79,2026-09-10T23:40:04.178604Z,3.1,audit@patchstack.com,6.5,MEDIUM,NETWORK,LOW,LOW,REQUIRED,LOW,LOW,LOW,,,,,,,,,,,0,
CVE-2025-22550,2025-01-07 16:15:50.960000+00:00,2026-06-17 08:48:11.897000+00:00,Deferred,CWE-79,2026-09-10T23:40:04.178604Z,3.1,audit@patchstack.com,6.5,MEDIUM,NETWORK,LOW,LOW,REQUIRED,LOW,LOW,LOW,,,,,,,,,,,0,
CVE-2025-22563,2025-01-07 16:15:52.940000+00:00,2026-06-17 08:48:18.047000+00:00,Deferred,CWE-352,2026-09-10T23:40:04.178604Z,3.1,audit@patchstack.com,4.3,MEDIUM,NETWORK,LOW,NONE,REQUIRED,NONE,LOW,NONE,,,,,,,,,,,0,
CVE-2025-22584,2025-01-07 16:15:54.780000+00:00,2026-06-17 08:48:28.150000+00:00,Deferred,CWE-79,2026-09-10T23:40:04.178604Z,3.1,audit@patchstack.com,6.5,MEDIUM,NETWORK,LOW,LOW,REQUIRED,LOW,LOW,LOW,,,,,,,,,,,0,
CVE-2024-35532,2025-01-07 20:15:29.627000+00:00,2026-06-17 07:34:59.023000+00:00,Deferred,CWE-125,2026-09-10T23:40:04.178604Z,3.1,134c704f-9b21-4f2e-91b3-4a467353bcc0,9.1,CRITICAL,NETWORK,LOW,NONE,NONE,HIGH,NONE,HIGH,,,,,,,,,,,0,
CVE-2024-56447,2025-01-08 03:15:10.190000+00:00,2026-06-17 08:12:12.467000+00:00,Analyzed,CWE-276,2026-09-10T23:40:04.178604Z,3.1,nvd@nist.gov,7.5,HIGH,NETWORK,LOW,NONE,NONE,HIGH,NONE,NONE,,,,,,,,,,,0,
CVE-2024-56451,2025-01-08 04:15:07.653000+00:00,2026-06-17 08:12:12.910000+00:00,Analyzed,CWE-190,2026-09-10T23:40:04.178604Z,3.1,nvd@nist.gov,5.5,MEDIUM,LOCAL,LOW,LOW,NONE,NONE,NONE,HIGH,,,,,,,,,,,0,
CVE-2024-13186,2025-01-08 09:15:07.180000+00:00,2026-06-17 07:01:24.710000+00:00,Deferred,CWE-306,2026-09-10T23:40:04.178604Z,4.0,security@vivo.com,6.3,MEDIUM,NETWORK,LOW,NONE,PASSIVE,,,,,,,,,,,,,,0,
CVE-2024-9939,2025-01-08 09:15:07.577000+00:00,2026-06-17 08:25:33.120000+00:00,Modified,CWE-22,2026-09-10T23:40:04.178604Z,3.1,security@wordfence.com,7.5,HIGH,NETWORK,LOW,NONE,NONE,HIGH,NONE,NONE,,,,,,,,,,,0,
CVE-2024-51737,2025-01-08 16:15:35.170000+00:00,2026-06-17 08:06:13.420000+00:00,Deferred,CWE-122,2026-09-10T23:40:04.178604Z,3.1,security-advisories@github.com,7.0,HIGH,LOCAL,HIGH,LOW,NONE,HIGH,HIGH,HIGH,,,,,,,,,,,0,
CVE-2023-35685,2025-01-08 18:15:15.033000+00:00,2026-06-17 06:05:00.427000+00:00,Modified,CWE-416,2026-09-10T23:40:04.178604Z,3.1,nvd@nist.gov,7.8,HIGH,LOCAL,LOW,LOW,NONE,HIGH,HIGH,HIGH,,,,,,,,,,,0,
CVE-2024-56778,2025-01-08 18:15:18.683000+00:00,2026-06-17 08:12:58.297000+00:00,Modified,CWE-754,2026-09-10T23:40:04.178604Z,3.1,nvd@nist.gov,5.5,MEDIUM,LOCAL,LOW,LOW,NONE,NONE,NONE,HIGH,,,,,,,,,,,0,
CVE-2024-56782,2025-01-08 18:15:19.147000+00:00,2026-06-17 08:12:58.887000+00:00,Modified,CWE-476,2026-09-10T23:40:04.178604Z,3.1,nvd@nist.gov,5.5,MEDIUM,LOCAL,LOW,LOW,NONE,NONE,NONE,HIGH,,,,,,,,,,,0,
CVE-2024-56786,2025-01-08 18:15:19.633000+00:00,2025-06-19 13:15:46.830000+00:00,Rejected,,2026-09-10T23:40:04.178604Z,,,,,,,,,,,,,,,,,,,,,,0,
CVE-2024-45342,2025-01-08 20:15:27.583000+00:00,2025-01-08 20:15:27.583000+00:00,Rejected,,2026-09-10T23:40:04.178604Z,,,,,,,,,,,,,,,,,,,,,,0,
CVE-2025-0283,2025-01-08 23:15:09.920000+00:00,2026-06-17 08:26:12.630000+00:00,Analyzed,CWE-787,2026-09-10T23:40:04.178604Z,3.1,nvd@nist.gov,7.0,HIGH,LOCAL,HIGH,LOW,NONE,HIGH,HIGH,HIGH,,,,,,,,,,,0,
CVE-2024-13197,2025-01-09 00:15:25.973000+00:00,2026-06-17 07:01:26.517000+00:00,Analyzed,CWE-79,2026-09-10T23:40:04.178604Z,4.0,cna@vuldb.com,5.3,MEDIUM,NETWORK,LOW,LOW,NONE,,,,,,,,,,,,,,0,
CVE-2023-28120,2025-01-09 01:15:07.637000+00:00,2026-06-17 05:46:54.923000+00:00,Deferred,CWE-79,2026-09-10T23:40:04.178604Z,3.1,134c704f-9b21-4f2e-91b3-4a467353bcc0,5.3,MEDIUM,NETWORK,LOW,NONE,NONE,NONE,LOW,NONE,,,,,,,,,,,0,
CVE-2024-37372,2025-01-09 01:15:08.500000+00:00,2026-06-17 07:38:14.667000+00:00,Deferred,CWE-22,2026-09-10T23:40:04.178604Z,3.0,support@hackerone.com,3.6,LOW,LOCAL,HIGH,NONE,REQUIRED,LOW,LOW,NONE,,,,,,,,,,,0,
CVE-2025-0306,2025-01-09 04:15:13+00:00,2026-06-30 00:16:49.667000+00:00,Deferred,CWE-385,2026-09-10T23:40:04.178604Z,3.1,secalert@redhat.com,7.4,HIGH,NETWORK,HIGH,NONE,NONE,HIGH,HIGH,NONE,,,,,,,,,,,0,
CVE-2024-6324,2025-01-09 06:15:15.390000+00:00,2026-06-17 08:17:46.797000+00:00,Analyzed,CWE-407,2026-09-10T23:40:04.178604Z,3.1,nvd@nist.gov,4.3,MEDIUM,NETWORK,LOW,LOW,NONE,NONE,NONE,LOW,,,,,,,,,,,0,
CVE-2024-53706,2025-01-09 07:15:27.520000+00:00,2026-06-17 08:09:08.567000+00:00,Deferred,CWE-269,2026-09-10T23:40:04.178604Z,3.1,134c704f-9b21-4f2e-91b3-4a467353bcc0,7.8,HIGH,LOCAL,LOW,LOW,NONE,HIGH,HIGH,HIGH,,,,,,,,,,,0,
CVE-2024-43658,2025-01-09 08:15:28.867000+00:00,2026-06-17 07:51:30.790000+00:00,Deferred,CWE-27,2026-09-10T23:40:04.178604Z,4.0,csirt@divd.nl,7.2,HIGH,NETWORK,LOW,LOW,NONE,,,,,,,,,,,,,,0,
CVE-2025-0348,2025-01-09 10:15:07.700000+00:00,2026-06-17 08:26:19.607000+00:00,Analyzed,CWE-79,2026-09-10T23:40:04.178604Z,4.0,cna@vuldb.com,5.3,MEDIUM,NETWORK,LOW,LOW,NONE,,,,,,,,,,,,,,0,
CVE-2024-12496,2025-01-09 11:15:13.937000+00:00,2026-06-17 06:59:50.043000+00:00,Deferred,CWE-79,2026-09-10T23:40:04.178604Z,3.1,security@wordfence.com,6.4,MEDIUM,NETWORK,LOW,LOW,NONE,LOW,LOW,NONE,,,,,,,,,,,0,
CVE-2024-43176,2025-01-09 14:15:26.770000+00:00,2026-06-17 07:50:34.007000+00:00,Analyzed,CWE-282,2026-09-10T23:40:04.178604Z,3.1,nvd@nist.gov,5.4,MEDIUM,NETWORK,LOW,LOW,NONE,LOW,LOW,NONE,,,,,,,,,,,0,
CVE-2025-22505,2025-01-09 16:16:27.280000+00:00,2026-06-17 08:47:50.313000+00:00,Deferred,CWE-89,2026-09-10T23:40:04.178604Z,3.1,audit@patchstack.com,8.5,HIGH,NETWORK,LOW,LOW,NONE,HIGH,NONE,LOW,,,,,,,,,,,0,
CVE-2025-22542,2025-01-09 16:16:28.670000+00:00,2026-06-17 08:48:07.987000+00:00,Deferred,CWE-89,2026-09-10T23:40:04.178604Z,3.1,audit@patchstack.com,9.3,CRITICAL,NETWORK,LOW,NONE,NONE,HIGH,NONE,LOW,,,,,,,,,,,0,
CVE-2025-22595,2025-01-09 16:16:29.160000+00:00,2026-06-17 08:48:33.510000+00:00,Deferred,CWE-79,2026-09-10T23:40:04.178604Z,3.1,audit@patchstack.com,7.1,HIGH,NETWORK,LOW,NONE,REQUIRED,LOW,LOW,LOW,,,,,,,,,,,0,
CVE-2025-22820,2025-01-09 16:16:32.173000+00:00,2026-06-17 08:50:20.117000+00:00,Deferred,CWE-79,2026-09-10T23:40:04.178604Z,3.1,audit@patchstack.com,6.5,MEDIUM,NETWORK,LOW,LOW,REQUIRED,LOW,LOW,LOW,,,,,,,,,,,0,
CVE-2025-22824,2025-01-09 16:16:32.893000+00:00,2026-06-17 08:50:22.017000+00:00,Deferred,CWE-79,2026-09-10T23:40:04.178604Z,3.1,audit@patchstack.com,6.5,MEDIUM,NETWORK,LOW,LOW,REQUIRED,LOW,LOW,LOW,,,,,,,,,,,0,
CVE-2025-21600,2025-01-09 17:15:18.960000+00:00,2026-06-17 08:43:49.590000+00:00,Analyzed,CWE-125,2026-09-10T23:40:04.178604Z,4.0,sirt@juniper.net,7.1,HIGH,ADJACENT,LOW,NONE,NONE,,,,,,,,,,,,,,0,
CVE-2024-13238,2025-01-09 19:15:17.557000+00:00,2026-06-17 07:01:33.167000+00:00,Analyzed,CWE-79,2026-09-10T23:40:04.178604Z,3.1,134c704f-9b21-4f2e-91b3-4a467353bcc0,5.4,MEDIUM,NETWORK,LOW,LOW,REQUIRED,LOW,LOW,NONE,,,,,,,,,,,0,
CVE-2024-13242,2025-01-09 19:15:18.033000+00:00,2026-06-17 07:01:33.880000+00:00,Analyzed,CWE-749,2026-09-10T23:40:04.178604Z,3.1,134c704f-9b21-4f2e-91b3-4a467353bcc0,9.1,CRITICAL,NETWORK,LOW,NONE,NONE,HIGH,HIGH,NONE,,,,,,,,,,,0,
CVE-2025-22151,2025-01-09 19:15:20.410000+00:00,2026-06-17 08:45:22.073000+00:00,Deferred,CWE-843,2026-09-10T23:40:04.178604Z,3.1,security-advisories@github.com,3.7,LOW,NETWORK,HIGH,NONE,NONE,LOW,NONE,NONE,,,,,,,,,,,0,
CVE-2024-13272,2025-01-09 20:15:36.027000+00:00,2026-07-21 14:13:37.330000+00:00,Analyzed,CWE-1220,2026-09-10T23:40:04.178604Z,3.1,134c704f-9b21-4f2e-91b3-4a467353bcc0,6.3,MEDIUM,NETWORK,LOW,LOW,NONE,LOW,LOW,LOW,,,,,,,,,,,0,
CVE-2024-13283,2025-01-09 20:15:37.230000+00:00,2026-06-17 07:01:40.840000+00:00,Analyzed,CWE-79,2026-09-10T23:40:04.178604Z,3.1,134c704f-9b21-4f2e-91b3-4a467353bcc0,6.1,MEDIUM,NETWORK,LOW,NONE,REQUIRED,LOW,LOW,NONE,,,,,,,,,,,0,
CVE-2024-13290,2025-01-09 21:15:26.447000+00:00,2026-06-17 07:01:41.980000+00:00,Analyzed,CWE-863,2026-09-10T23:40:04.178604Z,3.1,134c704f-9b21-4f2e-91b3-4a467353bcc0,5.3,MEDIUM,NETWORK,LOW,NONE,NONE,LOW,NONE,NONE,,,,,,,,,,,0,
CVE-2024-13295,2025-01-09 21:15:27.020000+00:00,2026-06-17 07:01:42.760000+00:00,Analyzed,CWE-502,2026-09-10T23:40:04.178604Z,3.1,134c704f-9b21-4f2e-91b3-4a467353bcc0,6.6,MEDIUM,NETWORK,HIGH,HIGH,NONE,HIGH,HIGH,HIGH,,,,,,,,,,,0,
CVE-2025-22946,2025-01-10 15:15:16.710000+00:00,2026-06-17 08:51:08.470000+00:00,Analyzed,CWE-120,2026-09-10T23:40:04.178604Z,3.1,134c704f-9b21-4f2e-91b3-4a467353bcc0,9.8,CRITICAL,NETWORK,LOW,NONE,NONE,HIGH,HIGH,HIGH,,,,,,,,,,,0,
CVE-2024-29970,2025-01-10 16:15:28.513000+00:00,2026-06-17 07:23:27.830000+00:00,Deferred,,2026-09-10T23:40:04.178604Z,3.1,134c704f-9b21-4f2e-91b3-4a467353bcc0,9.8,CRITICAL,NETWORK,LOW,NONE,NONE,HIGH,HIGH,HIGH,,,,,,,,,,,0,
CVE-2024-57224,2025-01-10 18:15:25.277000+00:00,2026-06-17 08:13:23.710000+00:00,Analyzed,CWE-77,2026-09-10T23:40:04.178604Z,3.1,134c704f-9b21-4f2e-91b3-4a467353bcc0,9.8,CRITICAL,NETWORK,LOW,NONE,NONE,HIGH,HIGH,HIGH,,,,,,,,,,,0,
CVE-2024-6662,2025-01-10 18:15:26.140000+00:00,2026-06-17 08:18:26.610000+00:00,Deferred,CWE-352,2026-09-10T23:40:04.178604Z,4.0,cvd@cert.pl,8.7,HIGH,NETWORK,LOW,NONE,PASSIVE,,,,,,,,,,,,,,0,
CVE-2024-33298,2025-01-10 20:15:30.563000+00:00,2026-06-17 07:31:37.993000+00:00,Analyzed,CWE-79,2026-09-10T23:40:04.178604Z,3.1,134c704f-9b21-4f2e-91b3-4a467353bcc0,6.1,MEDIUM,NETWORK,LOW,NONE,REQUIRED,LOW,LOW,NONE,,,,,,,,,,,0,
CVE-2024-47518,2025-01-10 22:15:26.053000+00:00,2026-06-17 07:57:13.560000+00:00,Analyzed,CWE-552,2026-09-10T23:40:04.178604Z,3.1,nvd@nist.gov,7.6,HIGH,NETWORK,LOW,LOW,NONE,HIGH,LOW,LOW,,,,,,,,,,,0,
CVE-2024-9132,2025-01-10 22:15:26.783000+00:00,2026-06-17 08:24:00.977000+00:00,Analyzed,CWE-94,2026-09-10T23:40:04.178604Z,3.1,nvd@nist.gov,9.8,CRITICAL,NETWORK,LOW,NONE,NONE,HIGH,HIGH,HIGH,,,,,,,,,,,0,
CVE-2024-12404,2025-01-11 03:15:21.140000+00:00,2026-06-17 06:59:39.707000+00:00,Deferred,CWE-89,2026-09-10T23:40:04.178604Z,3.1,security@wordfence.com,7.5,HIGH,NETWORK,LOW,NONE,NONE,HIGH,NONE,NONE,,,,,,,,,,,0,
CVE-2024-42174,2025-01-11 07:15:09.110000+00:00,2026-06-17 07:48:58.983000+00:00,Analyzed,CWE-203,2026-09-10T23:40:04.178604Z,3.1,nvd@nist.gov,3.7,LOW,NETWORK,HIGH,NONE,NONE,LOW,NONE,NONE,,,,,,,,,,,0,
CVE-2024-41935,2025-01-11 13:15:21.083000+00:00,2026-06-17 07:48:28.920000+00:00,Analyzed,CWE-125,2026-09-10T23:40:04.178604Z,3.1,nvd@nist.gov,7.1,HIGH,LOCAL,LOW,LOW,NONE,HIGH,NONE,HIGH,,,,,,,,,,,0,
CVE-2024-47408,2025-01-11 13:15:22.220000+00:00,2026-08-04 11:20:36.140000+00:00,Modified,,2026-09-10T23:40:04.178604Z,3.1,nvd@nist.gov,5.5,MEDIUM,LOCAL,LOW,LOW,NONE,NONE,NONE,HIGH,,,,,,,,,,,0,
CVE-2024-48881,2025-01-11 13:15:23.437000+00:00,2026-06-17 07:58:57.513000+00:00,Modified,CWE-476,2026-09-10T23:40:04.178604Z,3.1,nvd@nist.gov,5.5,MEDIUM,LOCAL,LOW,LOW,NONE,NONE,NONE,HIGH,,,,,,,,,,,0,
CVE-2024-49568,2025-01-11 13:15:23.637000+00:00,2026-08-04 11:20:49.263000+00:00,Modified,,2026-09-10T23:40:04.178604Z,3.1,nvd@nist.gov,5.5,MEDIUM,LOCAL,LOW,LOW,NONE,NONE,NONE,HIGH,,,,,,,,,,,0,
CVE-2024-57805,2025-01-11 13:15:30.420000+00:00,2026-06-17 08:14:04.410000+00:00,Analyzed,,2026-09-10T23:40:04.178604Z,3.1,nvd@nist.gov,5.5,MEDIUM,LOCAL,LOW,LOW,NONE,NONE,NONE,HIGH,,,,,,,,,,,0,
CVE-2024-57877,2025-01-11 15:15:08.063000+00:00,2026-06-17 08:14:07.687000+00:00,Modified,CWE-908,2026-09-10T23:40:04.178604Z,3.1,nvd@nist.gov,6.1,MEDIUM,LOCAL,LOW,LOW,NONE,LOW,NONE,HIGH,,,,,,,,,,,0,
CVE-2025-23128,2025-01-11 15:15:09.250000+00:00,2025-01-11 15:15:09.250000+00:00,Rejected,,2026-09-10T23:40:04.178604Z,,,,,,,,,,,,,,,,,,,,,,0,
CVE-2025-0397,2025-01-12 13:15:07.333000+00:00,2026-06-17 08:26:23.750000+00:00,Deferred,CWE-79,2026-09-10T23:40:04.178604Z,4.0,cna@vuldb.com,5.3,MEDIUM,NETWORK,LOW,LOW,NONE,,,,,,,,,,,,,,0,
CVE-2025-0398,2025-01-12 14:15:08.993000+00:00,2026-06-17 08:26:23.880000+00:00,Deferred,CWE-79,2026-09-10T23:40:04.178604Z,4.0,cna@vuldb.com,5.1,MEDIUM,NETWORK,LOW,HIGH,NONE,,,,,,,,,,,,,,0,
CVE-2024-12274,2025-01-13 06:15:10+00:00,2026-06-17 06:59:24.287000+00:00,Analyzed,,2026-09-10T23:40:04.178604Z,3.1,134c704f-9b21-4f2e-91b3-4a467353bcc0,7.5,HIGH,NETWORK,LOW,NONE,NONE,HIGH,NONE,NONE,,,,,,,,,,,0,
CVE-2024-46310,2025-01-13 19:15:10.803000+00:00,2026-07-05 01:20:38.353000+00:00,Deferred,CWE-281,2026-09-10T23:40:04.178604Z,3.1,134c704f-9b21-4f2e-91b3-4a467353bcc0,9.1,CRITICAL,NETWORK,LOW,NONE,NONE,HIGH,HIGH,NONE,,,,,,,,,,,0,
CVE-2024-13154,2025-01-13 21:15:11.970000+00:00,2025-01-13 21:15:11.970000+00:00,Rejected,,2026-09-10T23:40:04.178604Z,,,,,,,,,,,,,,,,,,,,,,0,
CVE-2025-22618,2025-01-13 21:15:15.500000+00:00,2026-06-17 08:48:45.217000+00:00,Analyzed,CWE-79,2026-09-10T23:40:04.178604Z,4.0,security-advisories@github.com,6.4,MEDIUM,NETWORK,LOW,NONE,ACTIVE,,,,,,,,,,,,,,0,
CVE-2023-42230,2025-01-13 22:15:11.110000+00:00,2026-06-17 06:23:35.500000+00:00,Analyzed,CWE-79,2026-09-10T23:40:04.178604Z,3.1,134c704f-9b21-4f2e-91b3-4a467353bcc0,6.1,MEDIUM,NETWORK,LOW,NONE,REQUIRED,LOW,LOW,NONE,,,,,,,,,,,0,
CVE-2024-12298,2025-01-14 01:15:09.423000+00:00,2026-06-17 06:59:27.160000+00:00,Deferred,CWE-611,2026-09-10T23:40:04.178604Z,3.1,bba440f9-ef23-4224-aa62-7ac0935d18d1,5.5,MEDIUM,LOCAL,LOW,LOW,NONE,HIGH,NONE,NONE,,,,,,,,,,,0,
CVE-2024-57623,2025-01-14 01:15:10.710000+00:00,2026-06-17 08:13:47.360000+00:00,Analyzed,CWE-404,2026-09-10T23:40:04.178604Z,3.1,134c704f-9b21-4f2e-91b3-4a467353bcc0,7.5,HIGH,NETWORK,LOW,NONE,NONE,NONE,NONE,HIGH,,,,,,,,,,,0,
CVE-2024-57643,2025-01-14 01:15:12.980000+00:00,2026-06-17 08:13:50.350000+00:00,Analyzed,CWE-89,2026-09-10T23:40:04.178604Z,3.1,134c704f-9b21-4f2e-91b3-4a467353bcc0,7.5,HIGH,NETWORK,LOW,NONE,NONE,NONE,NONE,HIGH,,,,,,,,,,,0,
CVE-2025-0053,2025-01-14 01:15:15.403000+00:00,2026-06-17 08:25:43.447000+00:00,Analyzed,CWE-209,2026-09-10T23:40:04.178604Z,3.1,cna@sap.com,5.3,MEDIUM,NETWORK,LOW,NONE,NONE,LOW,NONE,NONE,,,,,,,,,,,0,
CVE-2025-0059,2025-01-14 01:15:16.190000+00:00,2026-06-17 08:25:44.057000+00:00,Deferred,CWE-497,2026-09-10T23:40:04.178604Z,3.1,cna@sap.com,6.0,MEDIUM,LOCAL,LOW,HIGH,NONE,HIGH,NONE,NONE,,,,,,,,,,,0,
CVE-2025-23034,2025-01-14 01:15:18.273000+00:00,2026-06-17 08:51:35.103000+00:00,Analyzed,CWE-79,2026-09-10T23:40:04.178604Z,4.0,security-advisories@github.com,6.4,MEDIUM,NETWORK,LOW,NONE,ACTIVE,,,,,,,,,,,,,,0,
CVE-2024-11637,2025-01-14 02:15:07.907000+00:00,2025-01-14 02:15:07.907000+00:00,Rejected,,2026-09-10T23:40:04.178604Z,,,,,,,,,,,,,,,,,,,,,,0,
CVE-2024-13323,2025-01-14 06:15:15.480000+00:00,2026-06-17 07:01:46.847000+00:00,Analyzed,CWE-79,2026-09-10T23:40:04.178604Z,3.1,nvd@nist.gov,5.4,MEDIUM,NETWORK,LOW,LOW,REQUIRED,LOW,LOW,NONE,,,,,,,,,,,0,
CVE-2024-11736,2025-01-14 09:15:20.750000+00:00,2026-08-31 01:16:44.257000+00:00,Deferred,CWE-526,2026-09-10T23:40:04.178604Z,3.1,secalert@redhat.com,4.9,MEDIUM,NETWORK,LOW,HIGH,NONE,HIGH,NONE,NONE,,,,,,,,,,,0,
CVE-2023-42785,2025-01-14 14:15:27.083000+00:00,2026-06-17 06:24:29.873000+00:00,Analyzed,CWE-476,2026-09-10T23:40:04.178604Z,3.1,nvd@nist.gov,6.5,MEDIUM,NETWORK,LOW,LOW,NONE,NONE,NONE,HIGH,,,,,,,,,,,0,
CVE-2024-23106,2025-01-14 14:15:28.747000+00:00,2026-06-17 07:12:02.560000+00:00,Analyzed,CWE-307,2026-09-10T23:40:04.178604Z,3.1,nvd@nist.gov,9.8,CRITICAL,NETWORK,LOW,NONE,NONE,HIGH,HIGH,HIGH,,,,,,,,,,,0,
CVE-2024-27778,2025-01-14 14:15:29.053000+00:00,2026-06-17 07:20:16.777000+00:00,Modified,CWE-78,2026-09-10T23:40:04.178604Z,3.1,nvd@nist.gov,8.8,HIGH,NETWORK,LOW,LOW,NONE,HIGH,HIGH,HIGH,,,,,,,,,,,0,
CVE-2024-35278,2025-01-14 14:15:30.280000+00:00,2026-06-17 07:34:40.373000+00:00,Analyzed,CWE-89,2026-09-10T23:40:04.178604Z,3.1,nvd@nist.gov,4.3,MEDIUM,NETWORK,LOW,LOW,NONE,LOW,NONE,NONE,,,,,,,,,,,0,
CVE-2024-36506,2025-01-14 14:15:30.590000+00:00,2026-06-17 07:36:51.860000+00:00,Analyzed,CWE-940,2026-09-10T23:40:04.178604Z,3.1,nvd@nist.gov,5.3,MEDIUM,NETWORK,LOW,NONE,NONE,NONE,LOW,NONE,,,,,,,,,,,0,
CVE-2024-46666,2025-01-14 14:15:31.647000+00:00,2026-06-17 07:55:41.253000+00:00,Analyzed,CWE-770,2026-09-10T23:40:04.178604Z,3.1,psirt@fortinet.com,5.3,MEDIUM,NETWORK,LOW,NONE,NONE,NONE,NONE,LOW,,,,,,,,,,,0,
CVE-2024-46667,2025-01-14 14:15:31.797000+00:00,2026-06-17 07:55:41.380000+00:00,Analyzed,CWE-770,2026-09-10T23:40:04.178604Z,3.1,psirt@fortinet.com,7.5,HIGH,NETWORK,LOW,NONE,NONE,NONE,NONE,HIGH,,,,,,,,,,,0,
CVE-2024-46670,2025-01-14 14:15:32.243000+00:00,2026-06-17 07:55:41.837000+00:00,Analyzed,CWE-125,2026-09-10T23:40:04.178604Z,3.1,nvd@nist.gov,7.5,HIGH,NETWORK,LOW,NONE,NONE,NONE,NONE,HIGH,,,,,,,,,,,0,
CVE-2024-39603,2025-01-14 15:15:20.120000+00:00,2026-06-17 07:42:18.823000+00:00,Analyzed,CWE-121,2026-09-10T23:40:04.178604Z,3.1,nvd@nist.gov,7.2,HIGH,NETWORK,LOW,HIGH,NONE,HIGH,HIGH,HIGH,,,,,,,,,,,0,
CVE-2024-39757,2025-01-14 15:15:20.903000+00:00,2026-06-17 07:42:36.317000+00:00,Analyzed,CWE-121,2026-09-10T23:40:04.178604Z,3.1,nvd@nist.gov,7.2,HIGH,NETWORK,LOW,HIGH,NONE,HIGH,HIGH,HIGH,,,,,,,,,,,0,
CVE-2024-39760,2025-01-14 15:15:21.213000+00:00,2026-06-17 07:42:36.653000+00:00,Modified,CWE-77,2026-09-10T23:40:04.178604Z,3.1,nvd@nist.gov,9.8,CRITICAL,NETWORK,LOW,NONE,NONE,HIGH,HIGH,HIGH,,,,,,,,,,,0,
CVE-2024-39762,2025-01-14 15:15:21.513000+00:00,2026-06-17 07:42:36.880000+00:00,Modified,CWE-77,2026-09-10T23:40:04.178604Z,3.1,nvd@nist.gov,7.2,HIGH,NETWORK,LOW,HIGH,NONE,HIGH,HIGH,HIGH,,,,,,,,,,,0,
CVE-2024-39784,2025-01-14 15:15:23.417000+00:00,2026-06-17 07:42:47.823000+00:00,Modified,CWE-74,2026-09-10T23:40:04.178604Z,3.1,nvd@nist.gov,7.2,HIGH,NETWORK,LOW,HIGH,NONE,HIGH,HIGH,HIGH,,,,,,,,,,,0,
CVE-2024-29979,2025-01-14 16:15:28.423000+00:00,2026-06-17 07:23:29.003000+00:00,Analyzed,CWE-754,2026-09-10T23:40:04.178604Z,4.0,22d9ba52-f336-4b0d-bf1f-0efbdcc3c1de,4.6,MEDIUM,LOCAL,LOW,HIGH,NONE,,,,,,,,,,,,,,0,
CVE-2024-52898,2025-01-14 17:15:17.513000+00:00,2026-06-17 08:07:49.870000+00:00,Analyzed,CWE-209,2026-09-10T23:40:04.178604Z,3.1,psirt@us.ibm.com,6.2,MEDIUM,LOCAL,LOW,NONE,NONE,HIGH,NONE,NONE,,,,,,,,,,,0,
CVE-2024-13170,2025-01-14 18:15:28.733000+00:00,2026-06-17 07:01:21.993000+00:00,Analyzed,CWE-787,2026-09-10T23:40:04.178604Z,3.1,3c1d8aa1-5a33-4ea4-8992-aadd6440af75,7.5,HIGH,NETWORK,LOW,NONE,NONE,NONE,NONE,HIGH,,,,,,,,,,,0,
CVE-2025-21275,2025-01-14 18:15:47.723000+00:00,2026-06-17 08:42:58.003000+00:00,Analyzed,CWE-285,2026-09-10T23:40:04.178604Z,3.1,secure@microsoft.com,7.8,HIGH,LOCAL,LOW,LOW,NONE,HIGH,HIGH,HIGH,,,,,,,,,,,0,
CVE-2025-21276,2025-01-14 18:15:48.013000+00:00,2026-06-17 08:42:58.133000+00:00,Analyzed,CWE-191,2026-09-10T23:40:04.178604Z,3.1,secure@microsoft.com,7.5,HIGH,NETWORK,LOW,NONE,NONE,NONE,NONE,HIGH,,,,,,,,,,,0,
CVE-2025-21296,2025-01-14 18:15:51.710000+00:00,2026-06-17 08:43:01.633000+00:00,Analyzed,CWE-416,2026-09-10T23:40:04.178604Z,3.1,secure@microsoft.com,7.5,HIGH,ADJACENT_NETWORK,HIGH,NONE,NONE,HIGH,HIGH,HIGH,,,,,,,,,,,0,
CVE-2025-21297,2025-01-14 18:15:51.890000+00:00,2026-06-17 08:43:01.817000+00:00,Analyzed,CWE-416,2026-09-10T23:40:04.178604Z,3.1,secure@microsoft.com,8.1,HIGH,NETWORK,HIGH,NONE,NONE,HIGH,HIGH,HIGH,,,,,,,,,,,0,
CVE-2025-21307,2025-01-14 18:15:53.837000+00:00,2026-06-17 08:43:03.530000+00:00,Analyzed,CWE-416,2026-09-10T23:40:04.178604Z,3.1,secure@microsoft.com,9.8,CRITICAL,NETWORK,LOW,NONE,NONE,HIGH,HIGH,HIGH,,,,,,,,,,,0,
CVE-2025-21321,2025-01-14 18:15:56.533000+00:00,2026-06-17 08:43:05.697000+00:00,Analyzed,CWE-532,2026-09-10T23:40:04.178604Z,3.1,secure@microsoft.com,5.5,MEDIUM,LOCAL,LOW,LOW,NONE,HIGH,NONE,NONE,,,,,,,,,,,0,
CVE-2025-21356,2025-01-14 18:16:01.130000+00:00,2026-06-17 08:43:10.997000+00:00,Analyzed,CWE-122,2026-09-10T23:40:04.178604Z,3.1,secure@microsoft.com,7.8,HIGH,LOCAL,LOW,NONE,REQUIRED,HIGH,HIGH,HIGH,,,,,,,,,,,0,
CVE-2025-21365,2025-01-14 18:16:02.310000+00:00,2026-06-17 08:43:12.127000+00:00,Analyzed,CWE-426,2026-09-10T23:40:04.178604Z,3.1,secure@microsoft.com,7.8,HIGH,LOCAL,LOW,NONE,REQUIRED,HIGH,HIGH,HIGH,,,,,,,,,,,0,
CVE-2025-21405,2025-01-14 18:16:04.507000+00:00,2026-06-17 08:43:17.323000+00:00,Analyzed,CWE-284,2026-09-10T23:40:04.178604Z,3.1,secure@microsoft.com,7.3,HIGH,LOCAL,LOW,LOW,REQUIRED,HIGH,HIGH,HIGH,,,,,,,,,,,0,
CVE-2024-48858,2025-01-14 20:15:28.373000+00:00,2026-06-17 07:58:54.403000+00:00,Analyzed,CWE-1287,2026-09-10T23:40:04.178604Z,3.1,secure@blackberry.com,7.5,HIGH,NETWORK,LOW,NONE,NONE,NONE,NONE,HIGH,,,,,,,,,,,0,
CVE-2025-21136,2025-01-14 20:15:31.007000+00:00,2026-06-17 08:42:39.597000+00:00,Analyzed,CWE-787,2026-09-10T23:40:04.178604Z,3.1,psirt@adobe.com,7.8,HIGH,LOCAL,LOW,NONE,REQUIRED,HIGH,HIGH,HIGH,,,,,,,,,,,0,
CVE-2024-47605,2025-01-14 23:15:08.270000+00:00,2026-06-17 07:57:23.147000+00:00,Deferred,CWE-79,2026-09-10T23:40:04.178604Z,3.1,security-advisories@github.com,5.4,MEDIUM,NETWORK,LOW,NONE,REQUIRED,LOW,LOW,NONE,,,,,,,,,,,0,
CVE-2024-57767,2025-01-15 00:15:34.543000+00:00,2026-06-17 08:14:00.400000+00:00,Analyzed,CWE-918,2026-09-10T23:40:04.178604Z,3.1,134c704f-9b21-4f2e-91b3-4a467353bcc0,8.6,HIGH,NETWORK,LOW,NONE,NONE,HIGH,NONE,NONE,,,,,,,,,,,0,
CVE-2024-10775,2025-01-15 10:15:07.030000+00:00,2026-06-17 06:56:24.960000+00:00,Deferred,CWE-639,2026-09-10T23:40:04.178604Z,3.1,security@wordfence.com,4.3,MEDIUM,NETWORK,LOW,LOW,NONE,LOW,NONE,NONE,,,,,,,,,,,0,
CVE-2025-0193,2025-01-15 11:15:09.280000+00:00,2026-06-17 08:26:03.043000+00:00,Deferred,CWE-79,2026-09-10T23:40:04.178604Z,4.0,psirt@moxa.com,5.2,MEDIUM,NETWORK,HIGH,HIGH,PASSIVE,,,,,,,,,,,,,,0,
CVE-2024-13215,2025-01-15 13:15:09.263000+00:00,2026-06-17 07:01:29.940000+00:00,Analyzed,CWE-359,2026-09-10T23:40:04.178604Z,3.1,security@wordfence.com,4.3,MEDIUM,NETWORK,LOW,LOW,NONE,LOW,NONE,NONE,,,,,,,,,,,0,
CVE-2024-57795,2025-01-15 13:15:11.563000+00:00,2026-06-17 08:14:03.390000+00:00,Modified,CWE-416,2026-09-10T23:40:04.178604Z,3.1,134c704f-9b21-4f2e-91b3-4a467353bcc0,7.8,HIGH,LOCAL,LOW,LOW,NONE,HIGH,HIGH,HIGH,,,,,,,,,,,0,
CVE-2024-57844,2025-01-15 13:15:12.277000+00:00,2026-06-17 08:14:06.123000+00:00,Analyzed,,2026-09-10T23:40:04.178604Z,3.1,nvd@nist.gov,5.5,MEDIUM,LOCAL,LOW,LOW,NONE,NONE,NONE,HIGH,,,,,,,,,,,0,
CVE-2024-45061,2025-01-15 15:15:11.730000+00:00,2026-06-17 07:53:30.900000+00:00,Analyzed,CWE-79,2026-09-10T23:40:04.178604Z,3.1,nvd@nist.gov,5.4,MEDIUM,NETWORK,LOW,LOW,REQUIRED,LOW,LOW,NONE,,,,,,,,,,,0,
CVE-2025-22317,2025-01-15 16:15:34.590000+00:00,2026-06-17 08:46:25.293000+00:00,Deferred,CWE-79,2026-09-10T23:40:04.178604Z,3.1,audit@patchstack.com,7.1,HIGH,NETWORK,LOW,NONE,REQUIRED,LOW,LOW,LOW,,,,,,,,,,,0,
CVE-2025-22752,2025-01-15 16:15:37.933000+00:00,2026-06-17 08:49:47.710000+00:00,Modified,CWE-79,2026-09-10T23:40:04.178604Z,3.1,nvd@nist.gov,6.1,MEDIUM,NETWORK,LOW,NONE,REQUIRED,LOW,LOW,NONE,,,,,,,,,,,0,
CVE-2025-22762,2025-01-15 16:15:39.227000+00:00,2026-06-17 08:49:52.173000+00:00,Deferred,CWE-79,2026-09-10T23:40:04.178604Z,3.1,audit@patchstack.com,5.9,MEDIUM,NETWORK,LOW,HIGH,REQUIRED,LOW,LOW,LOW,,,,,,,,,,,0,
CVE-2025-22786,2025-01-15 16:15:41.440000+00:00,2026-06-17 08:50:03.787000+00:00,Modified,CWE-35,2026-09-10T23:40:04.178604Z,3.1,nvd@nist.gov,8.8,HIGH,NETWORK,LOW,LOW,NONE,HIGH,HIGH,HIGH,,,,,,,,,,,0,
CVE-2025-0502,2025-01-15 18:15:24.650000+00:00,2026-06-17 08:26:36.520000+00:00,Analyzed,CWE-402,2026-09-10T23:40:04.178604Z,4.0,security@craftersoftware.com,6.9,MEDIUM,NETWORK,LOW,NONE,NONE,,,,,,,,,,,,,,0,
CVE-2025-0500,2025-01-15 19:15:27.003000+00:00,2026-06-17 08:26:36.273000+00:00,Deferred,CWE-295,2026-09-10T23:40:04.178604Z,4.0,ff89ba41-3aa1-4d27-914a-91399e9639e5,7.7,HIGH,NETWORK,LOW,NONE,PASSIVE,,,,,,,,,,,,,,0,
CVE-2024-48125,2025-01-15 21:15:13.477000+00:00,2026-06-17 07:58:13.417000+00:00,Deferred,CWE-200,2026-09-10T23:40:04.178604Z,3.1,134c704f-9b21-4f2e-91b3-4a467353bcc0,7.5,HIGH,NETWORK,LOW,NONE,NONE,HIGH,NONE,NONE,,,,,,,,,,,0,
CVE-2025-0455,2025-01-16 02:15:27.203000+00:00,2026-06-17 08:26:30.853000+00:00,Deferred,CWE-89,2026-09-10T23:40:04.178604Z,3.1,twcert@cert.org.tw,9.8,CRITICAL,NETWORK,LOW,NONE,NONE,HIGH,HIGH,HIGH,,,,,,,,,,,0,
CVE-2025-0457,2025-01-16 02:15:27.553000+00:00,2026-06-17 08:26:31.053000+00:00,Deferred,CWE-78,2026-09-10T23:40:04.178604Z,3.1,twcert@cert.org.tw,8.8,HIGH,NETWORK,LOW,LOW,NONE,HIGH,HIGH,HIGH,,,,,,,,,,,0,
CVE-2025-22904,2025-01-16 03:15:06.313000+00:00,2026-07-05 01:21:21.663000+00:00,Modified,CWE-120,2026-09-10T23:40:04.178604Z,3.1,134c704f-9b21-4f2e-91b3-4a467353bcc0,9.8,CRITICAL,NETWORK,LOW,NONE,NONE,HIGH,HIGH,HIGH,,,,,,,,,,,0,
CVE-2025-22916,2025-01-16 03:15:06.970000+00:00,2026-07-05 01:21:23.930000+00:00,Modified,CWE-120,2026-09-10T23:40:04.178604Z,3.1,134c704f-9b21-4f2e-91b3-4a467353bcc0,9.8,CRITICAL,NETWORK,LOW,NONE,NONE,HIGH,HIGH,HIGH,,,,,,,,,,,0,
CVE-2025-0472,2025-01-16 13:15:07.353000+00:00,2026-06-17 08:26:33.093000+00:00,Analyzed,CWE-434,2026-09-10T23:40:04.178604Z,3.1,nvd@nist.gov,7.5,HIGH,NETWORK,LOW,NONE,NONE,HIGH,NONE,NONE,,,,,,,,,,,0,
CVE-2024-57161,2025-01-16 16:15:32.937000+00:00,2026-06-17 08:13:20.727000+00:00,Analyzed,CWE-352,2026-09-10T23:40:04.178604Z,3.1,nvd@nist.gov,4.3,MEDIUM,NETWORK,LOW,NONE,REQUIRED,NONE,LOW,NONE,,,,,,,,,,,0,
CVE-2025-20621,2025-01-16 19:15:29.960000+00:00,2026-06-17 08:41:41.097000+00:00,Analyzed,CWE-1287,2026-09-10T23:40:04.178604Z,3.1,nvd@nist.gov,7.5,HIGH,NETWORK,LOW,NONE,NONE,NONE,NONE,HIGH,,,,,,,,,,,0,
CVE-2025-23442,2025-01-16 20:15:35.210000+00:00,2026-06-17 08:54:24.220000+00:00,Deferred,CWE-352,2026-09-10T23:40:04.178604Z,3.1,audit@patchstack.com,7.1,HIGH,NETWORK,LOW,NONE,REQUIRED,LOW,LOW,LOW,,,,,,,,,,,0,
CVE-2025-23444,2025-01-16 20:15:35.360000+00:00,2026-06-17 08:54:25.167000+00:00,Deferred,CWE-79,2026-09-10T23:40:04.178604Z,3.1,audit@patchstack.com,6.5,MEDIUM,NETWORK,LOW,LOW,REQUIRED,LOW,LOW,LOW,,,,,,,,,,,0,
CVE-2025-23499,2025-01-16 20:15:37.440000+00:00,2026-06-17 08:54:51.660000+00:00,Deferred,CWE-352,2026-09-10T23:40:04.178604Z,3.1,audit@patchstack.com,7.1,HIGH,NETWORK,LOW,NONE,REQUIRED,LOW,LOW,LOW,,,,,,,,,,,0,
CVE-2025-23559,2025-01-16 20:15:39.650000+00:00,2026-06-17 08:55:21.857000+00:00,Deferred,CWE-352,2026-09-10T23:40:04.178604Z,3.1,audit@patchstack.com,7.1,HIGH,NETWORK,LOW,NONE,REQUIRED,LOW,LOW,LOW,,,,,,,,,,,0,
CVE-2025-23661,2025-01-16 20:15:43.037000+00:00,2026-06-17 08:56:11.090000+00:00,Deferred,CWE-352,2026-09-10T23:40:04.178604Z,3.1,audit@patchstack.com,7.1,HIGH,NETWORK,LOW,NONE,REQUIRED,LOW,LOW,LOW,,,,,,,,,,,0,
CVE-2025-23690,2025-01-16 20:15:44.197000+00:00,2026-06-17 08:56:25.107000+00:00,Deferred,CWE-352,2026-09-10T23:40:04.178604Z,3.1,audit@patchstack.com,7.1,HIGH,NETWORK,LOW,NONE,REQUIRED,LOW,LOW,LOW,,,,,,,,,,,0,
CVE-2025-23693,2025-01-16 20:15:44.637000+00:00,2026-06-17 08:56:26.537000+00:00,Deferred,CWE-352,2026-09-10T23:40:04.178604Z,3.1,audit@patchstack.com,7.1,HIGH,NETWORK,LOW,NONE,REQUIRED,LOW,LOW,LOW,,,,,,,,,,,0,
CVE-2025-23801,2025-01-16 21:15:21.190000+00:00,2026-06-17 08:57:18.960000+00:00,Deferred,CWE-352,2026-09-10T23:40:04.178604Z,3.1,audit@patchstack.com,7.1,HIGH,NETWORK,LOW,NONE,REQUIRED,LOW,LOW,LOW,,,,,,,,,,,0,
CVE-2025-23817,2025-01-16 21:15:22.560000+00:00,2026-06-17 08:57:26.677000+00:00,Deferred,CWE-352,2026-09-10T23:40:04.178604Z,3.1,audit@patchstack.com,7.1,HIGH,NETWORK,LOW,NONE,REQUIRED,LOW,LOW,LOW,,,,,,,,,,,0,
CVE-2025-23831,2025-01-16 21:15:24.360000+00:00,2026-06-17 08:57:35.060000+00:00,Deferred,CWE-79,2026-09-10T23:40:04.178604Z,3.1,audit@patchstack.com,6.5,MEDIUM,NETWORK,LOW,LOW,REQUIRED,LOW,LOW,LOW,,,,,,,,,,,0,
CVE-2025-23841,2025-01-16 21:15:24.793000+00:00,2026-06-17 08:57:36.080000+00:00,Deferred,CWE-79,2026-09-10T23:40:04.178604Z,3.1,audit@patchstack.com,6.5,MEDIUM,NETWORK,LOW,LOW,REQUIRED,LOW,LOW,LOW,,,,,,,,,,,0,
CVE-2025-23856,2025-01-16 21:15:25.507000+00:00,2026-06-17 08:57:37.590000+00:00,Deferred,CWE-79,2026-09-10T23:40:04.178604Z,3.1,audit@patchstack.com,6.5,MEDIUM,NETWORK,LOW,LOW,REQUIRED,LOW,LOW,LOW,,,,,,,,,,,0,
CVE-2025-23865,2025-01-16 21:15:26.583000+00:00,2026-06-17 08:57:38.487000+00:00,Deferred,CWE-79,2026-09-10T23:40:04.178604Z,3.1,audit@patchstack.com,6.5,MEDIUM,NETWORK,LOW,LOW,REQUIRED,LOW,LOW,LOW,,,,,,,,,,,0,
CVE-2025-23896,2025-01-16 21:15:31.137000+00:00,2026-06-17 08:57:41.573000+00:00,Deferred,CWE-79,2026-09-10T23:40:04.178604Z,3.1,audit@patchstack.com,6.5,MEDIUM,NETWORK,LOW,LOW,REQUIRED,LOW,LOW,LOW,,,,,,,,,,,0,
CVE-2025-23928,2025-01-16 21:15:34.663000+00:00,2026-06-17 08:57:44.813000+00:00,Deferred,CWE-79,2026-09-10T23:40:04.178604Z,3.1,audit@patchstack.com,6.5,MEDIUM,NETWORK,LOW,LOW,REQUIRED,LOW,LOW,LOW,,,,,,,,,,,0,
CVE-2025-23936,2025-01-16 21:15:35.677000+00:00,2026-06-17 08:57:45.603000+00:00,Deferred,CWE-79,2026-09-10T23:40:04.178604Z,3.1,audit@patchstack.com,6.5,MEDIUM,NETWORK,LOW,LOW,REQUIRED,LOW,LOW,LOW,,,,,,,,,,,0,
CVE-2025-23941,2025-01-16 21:15:36.230000+00:00,2026-06-17 08:57:46.093000+00:00,Deferred,CWE-79,2026-09-10T23:40:04.178604Z,3.1,audit@patchstack.com,6.5,MEDIUM,NETWORK,LOW,LOW,REQUIRED,LOW,LOW,LOW,,,,,,,,,,,0,
CVE-2025-23943,2025-01-16 21:15:36.373000+00:00,2026-06-17 08:57:46.290000+00:00,Deferred,CWE-79,2026-09-10T23:40:04.178604Z,3.1,audit@patchstack.com,6.5,MEDIUM,NETWORK,LOW,LOW,REQUIRED,LOW,LOW,LOW,,,,,,,,,,,0,
CVE-2025-23947,2025-01-16 21:15:36.670000+00:00,2026-06-17 08:57:46.687000+00:00,Deferred,CWE-79,2026-09-10T23:40:04.178604Z,3.1,audit@patchstack.com,6.5,MEDIUM,NETWORK,LOW,LOW,REQUIRED,LOW,LOW,LOW,,,,,,,,,,,0,
CVE-2025-23950,2025-01-16 21:15:36.817000+00:00,2026-06-17 08:57:46.977000+00:00,Deferred,CWE-79,2026-09-10T23:40:04.178604Z,3.1,audit@patchstack.com,6.5,MEDIUM,NETWORK,LOW,LOW,REQUIRED,LOW,LOW,LOW,,,,,,,,,,,0,
CVE-2024-57703,2025-01-16 23:15:08.003000+00:00,2026-06-17 08:13:56.867000+00:00,Analyzed,CWE-787,2026-09-10T23:40:04.178604Z,3.1,nvd@nist.gov,9.8,CRITICAL,NETWORK,LOW,NONE,NONE,HIGH,HIGH,HIGH,,,,,,,,,,,0,
CVE-2024-57785,2025-01-16 23:15:08.317000+00:00,2026-06-17 08:14:02.763000+00:00,Deferred,CWE-706,2026-09-10T23:40:04.178604Z,3.1,134c704f-9b21-4f2e-91b3-4a467353bcc0,4.9,MEDIUM,NETWORK,LOW,HIGH,NONE,HIGH,NONE,NONE,,,,,,,,,,,0,
CVE-2024-34579,2025-01-17 01:15:22.377000+00:00,2026-06-17 07:33:39.713000+00:00,Deferred,CWE-121,2026-09-10T23:40:04.178604Z,4.0,ics-cert@hq.dhs.gov,8.5,HIGH,LOCAL,LOW,NONE,PASSIVE,,,,,,,,,,,,,,0,
CVE-2024-13398,2025-01-17 05:15:08.613000+00:00,2026-06-17 07:01:56.307000+00:00,Deferred,CWE-79,2026-09-10T23:40:04.178604Z,3.1,security@wordfence.com,6.4,MEDIUM,NETWORK,LOW,LOW,NONE,LOW,LOW,NONE,,,,,,,,,,,0,
CVE-2024-12508,2025-01-17 07:15:26.387000+00:00,2026-06-17 06:59:51.303000+00:00,Deferred,CWE-79,2026-09-10T23:40:04.178604Z,3.1,security@wordfence.com,6.4,MEDIUM,NETWORK,LOW,LOW,NONE,LOW,LOW,NONE,,,,,,,,,,,0,
CVE-2025-0533,2025-01-17 18:15:31.577000+00:00,2026-06-17 08:26:39.883000+00:00,Analyzed,CWE-89,2026-09-10T23:40:04.178604Z,4.0,cna@vuldb.com,6.9,MEDIUM,NETWORK,LOW,NONE,NONE,,,,,,,,,,,,,,0,
CVE-2023-50738,2025-01-17 21:15:09.660000+00:00,2026-06-17 06:39:54.610000+00:00,Deferred,CWE-354,2026-09-10T23:40:04.178604Z,3.1,7bc73191-a2b6-4c63-9918-753964601853,4.3,MEDIUM,ADJACENT_NETWORK,LOW,HIGH,NONE,LOW,LOW,LOW,,,,,,,,,,,0,
CVE-2025-0538,2025-01-17 21:15:10.847000+00:00,2026-06-17 08:26:40.577000+00:00,Analyzed,CWE-79,2026-09-10T23:40:04.178604Z,4.0,cna@vuldb.com,5.3,MEDIUM,NETWORK,LOW,LOW,NONE,,,,,,,,,,,,,,0,
CVE-2025-0540,2025-01-17 21:15:11.037000+00:00,2026-06-17 08:26:40.840000+00:00,Analyzed,CWE-89,2026-09-10T23:40:04.178604Z,4.0,cna@vuldb.com,5.3,MEDIUM,NETWORK,LOW,LOW,NONE,,,,,,,,,,,,,,0,
CVE-2025-23202,2025-01-17 21:15:11.713000+00:00,2026-06-17 08:52:36.060000+00:00,Deferred,CWE-20,2026-09-10T23:40:04.178604Z,4.0,security-advisories@github.com,10.0,CRITICAL,NETWORK,LOW,NONE,NONE,,,,,,,,,,,,,,0,
CVE-2020-0402,2025-01-17 23:15:12.440000+00:00,2025-01-17 23:15:12.440000+00:00,Rejected,,2026-09-10T23:40:04.178604Z,,,,,,,,,,,,,,,,,,,,,,0,
CVE-2018-9464,2025-01-18 00:15:25.163000+00:00,2026-06-17 02:06:43.920000+00:00,Analyzed,CWE-125,2026-09-10T23:40:04.178604Z,3.1,134c704f-9b21-4f2e-91b3-4a467353bcc0,7.8,HIGH,LOCAL,LOW,LOW,NONE,HIGH,HIGH,HIGH,,,,,,,,,,,0,
CVE-2024-13393,2025-01-18 07:15:08.810000+00:00,2026-06-17 07:01:55.743000+00:00,Deferred,CWE-79,2026-09-10T23:40:04.178604Z,3.1,security@wordfence.com,6.4,MEDIUM,NETWORK,LOW,LOW,NONE,LOW,LOW,NONE,,,,,,,,,,,0,
CVE-2024-49824,2025-01-18 16:15:39.183000+00:00,2026-06-17 08:00:29.680000+00:00,Analyzed,CWE-602,2026-09-10T23:40:04.178604Z,3.1,psirt@us.ibm.com,6.5,MEDIUM,NETWORK,LOW,LOW,NONE,NONE,HIGH,NONE,,,,,,,,,,,0,
CVE-2024-8722,2025-01-19 05:15:07.987000+00:00,2026-06-17 08:23:11.310000+00:00,Deferred,CWE-79,2026-09-10T23:40:04.178604Z,3.1,security@wordfence.com,5.5,MEDIUM,NETWORK,LOW,HIGH,NONE,LOW,LOW,NONE,,,,,,,,,,,0,
CVE-2025-21636,2025-01-19 11:15:09.110000+00:00,2026-06-17 08:43:53.980000+00:00,Modified,CWE-476,2026-09-10T23:40:04.178604Z,3.1,nvd@nist.gov,5.5,MEDIUM,LOCAL,LOW,LOW,NONE,NONE,NONE,HIGH,,,,,,,,,,,0,
CVE-2025-21648,2025-01-19 11:15:10.410000+00:00,2026-07-14 13:17:19.800000+00:00,Modified,,2026-09-10T23:40:04.178604Z,3.1,nvd@nist.gov,5.5,MEDIUM,LOCAL,LOW,LOW,NONE,NONE,NONE,HIGH,,,,,,,,,,,0,
CVE-2024-57904,2025-01-19 12:15:23.970000+00:00,2026-06-17 08:14:11.580000+00:00,Modified,,2026-09-10T23:40:04.178604Z,3.1,nvd@nist.gov,7.8,HIGH,LOCAL,LOW,LOW,NONE,HIGH,HIGH,HIGH,,,,,,,,,,,0,
CVE-2024-57907,2025-01-19 12:15:24.897000+00:00,2026-06-17 08:14:12.060000+00:00,Modified,CWE-908,2026-09-10T23:40:04.178604Z,3.1,nvd@nist.gov,7.1,HIGH,LOCAL,LOW,LOW,NONE,HIGH,NONE,HIGH,,,,,,,,,,,0,
CVE-2024-57914,2025-01-19 12:15:25.573000+00:00,2026-06-17 08:14:13.437000+00:00,Modified,CWE-476,2026-09-10T23:40:04.178604Z,3.1,nvd@nist.gov,5.5,MEDIUM,LOCAL,LOW,LOW,NONE,NONE,NONE,HIGH,,,,,,,,,,,0,
CVE-2025-0578,2025-01-20 02:15:18.913000+00:00,2026-06-17 08:26:44.807000+00:00,Deferred,CWE-79,2026-09-10T23:40:04.178604Z,4.0,cna@vuldb.com,5.3,MEDIUM,NETWORK,LOW,LOW,NONE,,,,,,,,,,,,,,0,
CVE-2024-22348,2025-01-20 18:15:13.737000+00:00,2026-07-27 18:14:16.270000+00:00,Analyzed,CWE-942,2026-09-10T23:40:04.178604Z,3.1,nvd@nist.gov,7.5,HIGH,NETWORK,LOW,NONE,NONE,HIGH,NONE,NONE,,,,,,,,,,,0,
CVE-2024-6466,2025-01-21 10:15:07.990000+00:00,2026-06-17 08:18:04.203000+00:00,Deferred,CWE-1021,2026-09-10T23:40:04.178604Z,3.1,134c704f-9b21-4f2e-91b3-4a467353bcc0,5.3,MEDIUM,NETWORK,LOW,NONE,NONE,NONE,LOW,NONE,,,,,,,,,,,0,
CVE-2024-13230,2025-01-21 11:15:09.267000+00:00,2026-06-17 07:01:32.227000+00:00,Analyzed,CWE-89,2026-09-10T23:40:04.178604Z,3.1,security@wordfence.com,5.3,MEDIUM,NETWORK,LOW,NONE,NONE,LOW,NONE,NONE,,,,,,,,,,,0,
CVE-2024-57934,2025-01-21 12:15:27.047000+00:00,2026-06-17 08:14:16.037000+00:00,Modified,CWE-476,2026-09-10T23:40:04.178604Z,3.1,nvd@nist.gov,4.7,MEDIUM,LOCAL,HIGH,LOW,NONE,NONE,NONE,HIGH,,,,,,,,,,,0,
CVE-2024-57942,2025-01-21 13:15:08.743000+00:00,2026-06-17 08:14:16.993000+00:00,Analyzed,,2026-09-10T23:40:04.178604Z,3.1,nvd@nist.gov,5.5,MEDIUM,LOCAL,LOW,LOW,NONE,NONE,NONE,HIGH,,,,,,,,,,,0,
CVE-2024-49333,2025-01-21 14:15:08.143000+00:00,2026-06-17 07:59:43.413000+00:00,Deferred,CWE-89,2026-09-10T23:40:04.178604Z,3.1,audit@patchstack.com,8.5,HIGH,NETWORK,LOW,LOW,NONE,HIGH,NONE,LOW,,,,,,,,,,,0,
CVE-2025-22735,2025-01-21 14:15:12.737000+00:00,2026-06-17 08:49:39.463000+00:00,Deferred,CWE-79,2026-09-10T23:40:04.178604Z,3.1,audit@patchstack.com,7.1,HIGH,NETWORK,LOW,NONE,REQUIRED,LOW,LOW,LOW,,,,,,,,,,,0,
CVE-2024-56997,2025-01-21 15:15:13.343000+00:00,2026-06-17 08:13:09.693000+00:00,Analyzed,CWE-79,2026-09-10T23:40:04.178604Z,3.1,134c704f-9b21-4f2e-91b3-4a467353bcc0,4.2,MEDIUM,LOCAL,LOW,HIGH,NONE,LOW,LOW,LOW,,,,,,,,,,,0,
CVE-2024-45687,2025-01-21 17:15:14.073000+00:00,2026-06-17 07:54:39.500000+00:00,Deferred,CWE-113,2026-09-10T23:40:04.178604Z,4.0,769c9ae7-73c3-4e47-ae19-903170fc3eb8,2.4,LOW,LOCAL,LOW,LOW,ACTIVE,,,,,,,,,,,,,,0,
CVE-2024-54795,2025-01-21 18:15:14.537000+00:00,2026-06-17 08:10:42.080000+00:00,Modified,CWE-79,2026-09-10T23:40:04.178604Z,3.1,134c704f-9b21-4f2e-91b3-4a467353bcc0,5.4,MEDIUM,NETWORK,LOW,LOW,REQUIRED,LOW,LOW,NONE,,,,,,,,,,,0,
CVE-2025-22661,2025-01-21 18:15:15.707000+00:00,2026-06-17 08:49:04.507000+00:00,Deferred,CWE-79,2026-09-10T23:40:04.178604Z,3.1,audit@patchstack.com,6.5,MEDIUM,NETWORK,LOW,LOW,REQUIRED,LOW,LOW,LOW,,,,,,,,,,,0,
CVE-2025-23580,2025-01-21 18:15:17.133000+00:00,2026-06-17 08:55:32.163000+00:00,Deferred,CWE-79,2026-09-10T23:40:04.178604Z,3.1,audit@patchstack.com,7.1,HIGH,NETWORK,LOW,NONE,REQUIRED,LOW,LOW,LOW,,,,,,,,,,,0,
CVE-2025-24019,2025-01-21 18:15:17.933000+00:00,2026-06-17 08:57:54.007000+00:00,Analyzed,CWE-22,2026-09-10T23:40:04.178604Z,3.1,nvd@nist.gov,7.1,HIGH,NETWORK,LOW,LOW,NONE,NONE,LOW,HIGH,,,,,,,,,,,0,
CVE-2023-45908,2025-01-21 20:15:30.607000+00:00,2026-06-17 06:29:46.467000+00:00,Deferred,CWE-79,2026-09-10T23:40:04.178604Z,3.1,134c704f-9b21-4f2e-91b3-4a467353bcc0,6.1,MEDIUM,NETWORK,LOW,NONE,REQUIRED,LOW,LOW,NONE,,,,,,,,,,,0,
CVE-2024-55959,2025-01-21 21:15:11.323000+00:00,2026-06-17 08:11:30.153000+00:00,Deferred,CWE-276,2026-09-10T23:40:04.178604Z,3.1,134c704f-9b21-4f2e-91b3-4a467353bcc0,9.1,CRITICAL,NETWORK,LOW,NONE,NONE,HIGH,HIGH,NONE,,,,,,,,,,,0,
CVE-2024-57360,2025-01-21 21:15:11.440000+00:00,2026-06-17 08:13:30.917000+00:00,Deferred,CWE-284,2026-09-10T23:40:04.178604Z,3.1,134c704f-9b21-4f2e-91b3-4a467353bcc0,5.5,MEDIUM,LOCAL,LOW,NONE,REQUIRED,NONE,NONE,HIGH,,,,,,,,,,,0,
CVE-2025-21492,2025-01-21 21:15:13.970000+00:00,2026-06-17 08:43:36.927000+00:00,Analyzed,CWE-770,2026-09-10T23:40:04.178604Z,3.1,secalert_us@oracle.com,4.9,MEDIUM,NETWORK,LOW,HIGH,NONE,NONE,NONE,HIGH,,,,,,,,,,,0,
CVE-2025-21504,2025-01-21 21:15:15.447000+00:00,2026-06-17 08:43:38.167000+00:00,Modified,CWE-770,2026-09-10T23:40:04.178604Z,3.1,secalert_us@oracle.com,4.9,MEDIUM,NETWORK,LOW,HIGH,NONE,NONE,NONE,HIGH,,,,,,,,,,,0,
CVE-2025-21512,2025-01-21 21:15:16.497000+00:00,2026-06-17 08:43:39.040000+00:00,Analyzed,CWE-601,2026-09-10T23:40:04.178604Z,3.1,secalert_us@oracle.com,6.1,MEDIUM,NETWORK,LOW,NONE,REQUIRED,LOW,LOW,NONE,,,,,,,,,,,0,
CVE-2025-21524,2025-01-21 21:15:18.070000+00:00,2026-06-17 08:43:40.343000+00:00,Analyzed,CWE-306,2026-09-10T23:40:04.178604Z,3.1,secalert_us@oracle.com,9.8,CRITICAL,NETWORK,LOW,NONE,NONE,HIGH,HIGH,HIGH,,,,,,,,,,,0,
CVE-2025-21525,2025-01-21 21:15:18.210000+00:00,2026-06-17 08:43:40.450000+00:00,Modified,CWE-770,2026-09-10T23:40:04.178604Z,3.1,secalert_us@oracle.com,4.9,MEDIUM,NETWORK,LOW,HIGH,NONE,NONE,NONE,HIGH,,,,,,,,,,,0,
CVE-2025-21535,2025-01-21 21:15:19.477000+00:00,2026-06-17 08:43:41.693000+00:00,Analyzed,CWE-306,2026-09-10T23:40:04.178604Z,3.1,secalert_us@oracle.com,9.8,CRITICAL,NETWORK,LOW,NONE,NONE,HIGH,HIGH,HIGH,,,,,,,,,,,0,
CVE-2025-21541,2025-01-21 21:15:20.287000+00:00,2026-06-17 08:43:42.347000+00:00,Analyzed,CWE-281,2026-09-10T23:40:04.178604Z,3.1,secalert_us@oracle.com,5.4,MEDIUM,NETWORK,LOW,LOW,NONE,LOW,LOW,NONE,,,,,,,,,,,0,
CVE-2025-21543,2025-01-21 21:15:20.550000+00:00,2026-06-17 08:43:42.560000+00:00,Modified,CWE-770,2026-09-10T23:40:04.178604Z,3.1,secalert_us@oracle.com,4.9,MEDIUM,NETWORK,LOW,HIGH,NONE,NONE,NONE,HIGH,,,,,,,,,,,0,
CVE-2025-21566,2025-01-21 21:15:23.590000+00:00,2026-06-17 08:43:45.057000+00:00,Modified,CWE-732,2026-09-10T23:40:04.178604Z,3.1,secalert_us@oracle.com,6.5,MEDIUM,NETWORK,LOW,LOW,NONE,NONE,NONE,HIGH,,,,,,,,,,,0,
CVE-2025-21568,2025-01-21 21:15:23.843000+00:00,2026-06-17 08:43:45.277000+00:00,Analyzed,CWE-863,2026-09-10T23:40:04.178604Z,3.1,secalert_us@oracle.com,4.5,MEDIUM,NETWORK,LOW,HIGH,REQUIRED,HIGH,NONE,NONE,,,,,,,,,,,0,
CVE-2024-24445,2025-01-21 22:15:11.847000+00:00,2026-07-05 01:19:26.970000+00:00,Deferred,CWE-476,2026-09-10T23:40:04.178604Z,3.1,134c704f-9b21-4f2e-91b3-4a467353bcc0,6.5,MEDIUM,ADJACENT_NETWORK,LOW,NONE,NONE,NONE,NONE,HIGH,,,,,,,,,,,0,
CVE-2023-37028,2025-01-21 23:15:10+00:00,2026-06-17 06:07:32.230000+00:00,Modified,CWE-476,2026-09-10T23:40:04.178604Z,3.1,nvd@nist.gov,6.5,MEDIUM,ADJACENT_NETWORK,LOW,NONE,NONE,NONE,NONE,HIGH,,,,,,,,,,,0,
CVE-2023-40108,2025-01-21 23:15:11.320000+00:00,2026-06-17 13:19:08.923000+00:00,Modified,CWE-200,2026-09-10T23:40:04.178604Z,3.1,134c704f-9b21-4f2e-91b3-4a467353bcc0,5.5,MEDIUM,LOCAL,LOW,LOW,NONE,HIGH,NONE,NONE,,,,,,,,,,,0,
CVE-2024-24418,2025-01-21 23:15:11.787000+00:00,2026-06-17 07:14:26.113000+00:00,Modified,CWE-120,2026-09-10T23:40:04.178604Z,3.1,nvd@nist.gov,7.5,HIGH,NETWORK,LOW,NONE,NONE,NONE,NONE,HIGH,,,,,,,,,,,0,
CVE-2024-49735,2025-01-21 23:15:14.393000+00:00,2026-06-17 08:00:21.110000+00:00,Analyzed,CWE-276,2026-09-10T23:40:04.178604Z,3.1,134c704f-9b21-4f2e-91b3-4a467353bcc0,7.8,HIGH,LOCAL,LOW,LOW,NONE,HIGH,HIGH,HIGH,,,,,,,,,,,0,
CVE-2024-49745,2025-01-21 23:15:14.993000+00:00,2026-06-17 08:00:22.260000+00:00,Analyzed,CWE-787,2026-09-10T23:40:04.178604Z,3.1,134c704f-9b21-4f2e-91b3-4a467353bcc0,7.8,HIGH,LOCAL,LOW,LOW,NONE,HIGH,HIGH,HIGH,,,,,,,,,,,0,
CVE-2023-37004,2025-01-22 15:15:09.970000+00:00,2026-06-17 06:07:27.830000+00:00,Analyzed,CWE-617,2026-09-10T23:40:04.178604Z,3.1,134c704f-9b21-4f2e-91b3-4a467353bcc0,5.3,MEDIUM,LOCAL,LOW,LOW,NONE,LOW,LOW,LOW,,,,,,,,,,,0,
CVE-2025-22772,2025-01-22 15:15:14.990000+00:00,2026-06-17 08:49:56.910000+00:00,Deferred,CWE-79,2026-09-10T23:40:04.178604Z,3.1,audit@patchstack.com,7.1,HIGH,NETWORK,LOW,NONE,REQUIRED,LOW,LOW,LOW,,,,,,,,,,,0,
CVE-2025-22980,2025-01-22 15:15:15.130000+00:00,2026-06-17 08:51:17.807000+00:00,Analyzed,CWE-89,2026-09-10T23:40:04.178604Z,3.1,134c704f-9b21-4f2e-91b3-4a467353bcc0,6.7,MEDIUM,NETWORK,LOW,HIGH,NONE,HIGH,HIGH,LOW,,,,,,,,,,,0,
CVE-2025-23512,2025-01-22 15:15:17.160000+00:00,2026-06-17 08:54:57.823000+00:00,Deferred,CWE-862,2026-09-10T23:40:04.178604Z,3.1,audit@patchstack.com,7.5,HIGH,NETWORK,LOW,NONE,NONE,NONE,NONE,HIGH,,,,,,,,,,,0,
CVE-2025-23784,2025-01-22 15:15:23.713000+00:00,2026-06-17 08:57:10.773000+00:00,Deferred,CWE-89,2026-09-10T23:40:04.178604Z,3.1,audit@patchstack.com,7.6,HIGH,NETWORK,LOW,HIGH,NONE,HIGH,NONE,LOW,,,,,,,,,,,0,
CVE-2025-23914,2025-01-22 16:15:31.780000+00:00,2026-06-17 08:57:43.337000+00:00,Deferred,CWE-502,2026-09-10T23:40:04.178604Z,3.1,audit@patchstack.com,9.8,CRITICAL,NETWORK,LOW,NONE,NONE,HIGH,HIGH,HIGH,,,,,,,,,,,0,
CVE-2024-51457,2025-01-22 17:15:12.390000+00:00,2026-06-17 08:05:44.400000+00:00,Analyzed,CWE-79,2026-09-10T23:40:04.178604Z,3.1,nvd@nist.gov,5.4,MEDIUM,NETWORK,LOW,LOW,REQUIRED,LOW,LOW,NONE,,,,,,,,,,,0,
CVE-2024-56914,2025-01-22 20:15:30.737000+00:00,2026-06-17 08:13:04.183000+00:00,Analyzed,CWE-120,2026-09-10T23:40:04.178604Z,3.1,134c704f-9b21-4f2e-91b3-4a467353bcc0,5.7,MEDIUM,ADJACENT_NETWORK,LOW,LOW,NONE,NONE,NONE,HIGH,,,,,,,,,,,0,
CVE-2024-12477,2025-01-22 22:15:08.683000+00:00,2026-06-17 06:59:47.457000+00:00,Analyzed,CWE-79,2026-09-10T23:40:04.178604Z,3.1,nvd@nist.gov,5.4,MEDIUM,NETWORK,LOW,LOW,REQUIRED,LOW,LOW,NONE,,,,,,,,,,,0,
CVE-2024-53299,2025-01-23 09:15:07.033000+00:00,2026-06-17 08:08:46.690000+00:00,Analyzed,CWE-400,2026-09-10T23:40:04.178604Z,3.1,134c704f-9b21-4f2e-91b3-4a467353bcc0,6.5,MEDIUM,NETWORK,LOW,LOW,NONE,NONE,NONE,HIGH,,,,,,,,,,,0,
CVE-2025-23722,2025-01-23 16:15:39.117000+00:00,2026-06-17 08:56:40.603000+00:00,Deferred,CWE-79,2026-09-10T23:40:04.178604Z,3.1,audit@patchstack.com,7.1,HIGH,NETWORK,LOW,NONE,REQUIRED,LOW,LOW,LOW,,,,,,,,,,,0,
CVE-2025-23725,2025-01-23 16:15:39.530000+00:00,2026-06-17 08:56:42.080000+00:00,Deferred,CWE-79,2026-09-10T23:40:04.178604Z,3.1,audit@patchstack.com,7.1,HIGH,NETWORK,LOW,NONE,REQUIRED,LOW,LOW,LOW,,,,,,,,,,,0,
CVE-2025-23836,2025-01-23 16:15:40.497000+00:00,2026-06-17 08:57:35.580000+00:00,Deferred,CWE-79,2026-09-10T23:40:04.178604Z,3.1,audit@patchstack.com,7.1,HIGH,NETWORK,LOW,NONE,REQUIRED,LOW,LOW,LOW,,,,,,,,,,,0,
CVE-2025-23012,2025-01-23 21:15:15.173000+00:00,2026-06-17 08:51:25.423000+00:00,Analyzed,CWE-1392,2026-09-10T23:40:04.178604Z,4.0,9119a7d8-5eab-497f-8521-727c672e3725,8.7,HIGH,NETWORK,LOW,NONE,NONE,,,,,,,,,,,,,,0,
CVE-2023-46400,2025-01-23 22:15:12.200000+00:00,2026-06-17 06:30:47.897000+00:00,Analyzed,CWE-1236,2026-09-10T23:40:04.178604Z,3.1,nvd@nist.gov,9.8,CRITICAL,NETWORK,LOW,NONE,NONE,HIGH,HIGH,HIGH,,,,,,,,,,,0,
CVE-2024-53379,2025-01-23 23:15:07.993000+00:00,2026-06-17 08:08:50.993000+00:00,Deferred,CWE-120,2026-09-10T23:40:04.178604Z,3.1,134c704f-9b21-4f2e-91b3-4a467353bcc0,7.5,HIGH,NETWORK,LOW,NONE,NONE,NONE,NONE,HIGH,,,,,,,,,,,0,
CVE-2024-11931,2025-01-24 03:15:06.590000+00:00,2026-06-17 06:58:43.427000+00:00,Analyzed,CWE-1220,2026-09-10T23:40:04.178604Z,3.1,nvd@nist.gov,5.3,MEDIUM,NETWORK,HIGH,LOW,NONE,HIGH,NONE,NONE,,,,,,,,,,,0,
CVE-2025-23737,2025-01-24 11:15:11.103000+00:00,2026-06-17 08:56:48.233000+00:00,Deferred,CWE-79,2026-09-10T23:40:04.178604Z,3.1,audit@patchstack.com,7.1,HIGH,NETWORK,LOW,NONE,REQUIRED,LOW,LOW,LOW,,,,,,,,,,,0,
CVE-2024-41739,2025-01-24 14:15:31.397000+00:00,2026-06-17 07:48:09.957000+00:00,Analyzed,CWE-427,2026-09-10T23:40:04.178604Z,3.1,psirt@us.ibm.com,8.8,HIGH,NETWORK,LOW,NONE,REQUIRED,HIGH,HIGH,HIGH,,,,,,,,,,,0,
CVE-2024-9493,2025-01-24 15:15:11.070000+00:00,2026-06-17 08:24:40.997000+00:00,Deferred,CWE-427,2026-09-10T23:40:04.178604Z,3.1,product-security@silabs.com,8.6,HIGH,LOCAL,LOW,NONE,REQUIRED,HIGH,HIGH,HIGH,,,,,,,,,,,0,
CVE-2024-9494,2025-01-24 15:15:11.197000+00:00,2026-06-17 08:24:41.100000+00:00,Deferred,CWE-427,2026-09-10T23:40:04.178604Z,3.1,product-security@silabs.com,8.6,HIGH,LOCAL,LOW,NONE,REQUIRED,HIGH,HIGH,HIGH,,,,,,,,,,,0,
CVE-2025-0697,2025-01-24 15:15:12.130000+00:00,2026-06-17 08:26:59.453000+00:00,Deferred,CWE-74,2026-09-10T23:40:04.178604Z,4.0,cna@vuldb.com,6.9,MEDIUM,NETWORK,LOW,NONE,NONE,,,,,,,,,,,,,,0,
CVE-2025-22608,2025-01-24 17:15:14.960000+00:00,2026-06-17 08:48:40.200000+00:00,Analyzed,CWE-639,2026-09-10T23:40:04.178604Z,3.1,security-advisories@github.com,6.5,MEDIUM,NETWORK,LOW,NONE,NONE,NONE,LOW,LOW,,,,,,,,,,,0,
CVE-2025-22610,2025-01-24 17:15:15.237000+00:00,2026-06-17 08:48:41.227000+00:00,Analyzed,CWE-862,2026-09-10T23:40:04.178604Z,4.0,security-advisories@github.com,5.7,MEDIUM,NETWORK,LOW,LOW,NONE,,,,,,,,,,,,,,0,
CVE-2025-22611,2025-01-24 17:15:15.410000+00:00,2026-06-17 08:48:41.750000+00:00,Analyzed,CWE-862,2026-09-10T23:40:04.178604Z,3.1,security-advisories@github.com,9.9,CRITICAL,NETWORK,LOW,LOW,NONE,HIGH,HIGH,HIGH,,,,,,,,,,,0,
CVE-2025-24546,2025-01-24 18:15:32.893000+00:00,2026-06-17 08:59:12.397000+00:00,Modified,CWE-352,2026-09-10T23:40:04.178604Z,3.1,audit@patchstack.com,5.4,MEDIUM,NETWORK,LOW,NONE,REQUIRED,NONE,LOW,LOW,,,,,,,,,,,0,
CVE-2025-24589,2025-01-24 18:15:36.013000+00:00,2026-06-17 08:59:16.607000+00:00,Deferred,CWE-862,2026-09-10T23:40:04.178604Z,3.1,audit@patchstack.com,4.3,MEDIUM,NETWORK,LOW,LOW,NONE,LOW,NONE,NONE,,,,,,,,,,,0,
CVE-2025-24618,2025-01-24 18:15:37.430000+00:00,2026-06-17 08:59:19.643000+00:00,Modified,CWE-862,2026-09-10T23:40:04.178604Z,3.1,nvd@nist.gov,8.8,HIGH,NETWORK,LOW,LOW,NONE,HIGH,HIGH,HIGH,,,,,,,,,,,0,
CVE-2025-24650,2025-01-24 18:15:39.347000+00:00,2026-06-17 08:59:22.807000+00:00,Modified,CWE-434,2026-09-10T23:40:04.178604Z,3.1,audit@patchstack.com,9.1,CRITICAL,NETWORK,LOW,HIGH,NONE,HIGH,HIGH,HIGH,,,,,,,,,,,0,
CVE-2025-24658,2025-01-24 18:15:39.853000+00:00,2026-06-17 08:59:23.593000+00:00,Deferred,CWE-79,2026-09-10T23:40:04.178604Z,3.1,audit@patchstack.com,5.9,MEDIUM,NETWORK,LOW,HIGH,REQUIRED,LOW,LOW,LOW,,,,,,,,,,,0,
CVE-2025-24695,2025-01-24 18:15:42.740000+00:00,2026-06-17 08:59:27.307000+00:00,Modified,CWE-918,2026-09-10T23:40:04.178604Z,3.1,audit@patchstack.com,4.4,MEDIUM,NETWORK,HIGH,HIGH,NONE,LOW,LOW,NONE,,,,,,,,,,,0,
CVE-2025-24717,2025-01-24 18:15:45.210000+00:00,2026-06-17 08:59:29.500000+00:00,Modified,CWE-352,2026-09-10T23:40:04.178604Z,3.1,nvd@nist.gov,8.8,HIGH,NETWORK,LOW,NONE,REQUIRED,HIGH,HIGH,HIGH,,,,,,,,,,,0,
CVE-2025-24725,2025-01-24 18:15:46.357000+00:00,2026-06-17 08:59:30.297000+00:00,Deferred,CWE-862,2026-09-10T23:40:04.178604Z,3.1,audit@patchstack.com,4.3,MEDIUM,NETWORK,LOW,LOW,NONE,LOW,NONE,NONE,,,,,,,,,,,0,
CVE-2025-0710,2025-01-24 21:15:11.420000+00:00,2026-06-17 08:27:01.233000+00:00,Analyzed,CWE-79,2026-09-10T23:40:04.178604Z,4.0,cna@vuldb.com,5.3,MEDIUM,NETWORK,LOW,LOW,NONE,,,,,,,,,,,,,,0,
CVE-2025-21262,2025-01-24 22:15:38.220000+00:00,2026-06-17 08:42:55.873000+00:00,Analyzed,CWE-451,2026-09-10T23:40:04.178604Z,3.1,nvd@nist.gov,5.4,MEDIUM,NETWORK,LOW,NONE,REQUIRED,LOW,LOW,NONE,,,,,,,,,,,0,
CVE-2024-12512,2025-01-25 08:15:07.810000+00:00,2026-06-17 06:59:51.760000+00:00,Deferred,CWE-79,2026-09-10T23:40:04.178604Z,3.1,security@wordfence.com,6.4,MEDIUM,NETWORK,LOW,LOW,NONE,LOW,LOW,NONE,,,,,,,,,,,0,
CVE-2024-13450,2025-01-25 09:15:07.733000+00:00,2026-06-17 07:02:02.307000+00:00,Analyzed,CWE-918,2026-09-10T23:40:04.178604Z,3.1,nvd@nist.gov,6.5,MEDIUM,NETWORK,LOW,HIGH,NONE,HIGH,HIGH,NONE,,,,,,,,,,,0,
CVE-2023-38013,2025-01-25 14:15:27.977000+00:00,2026-06-17 06:09:10.290000+00:00,Analyzed,CWE-201,2026-09-10T23:40:04.178604Z,3.1,nvd@nist.gov,7.5,HIGH,NETWORK,LOW,NONE,NONE,HIGH,NONE,NONE,,,,,,,,,,,0,
CVE-2023-38716,2025-01-25 14:15:28.580000+00:00,2026-06-17 06:11:00.817000+00:00,Analyzed,CWE-209,2026-09-10T23:40:04.178604Z,3.1,nvd@nist.gov,7.5,HIGH,NETWORK,LOW,NONE,NONE,HIGH,NONE,NONE,,,,,,,,,,,0,
CVE-2023-50946,2025-01-26 16:15:30.680000+00:00,2026-06-17 06:40:17.480000+00:00,Analyzed,CWE-863,2026-09-10T23:40:04.178604Z,3.1,psirt@us.ibm.com,6.5,MEDIUM,NETWORK,LOW,LOW,NONE,NONE,HIGH,NONE,,,,,,,,,,,0,
CVE-2025-0722,2025-01-27 00:15:26.517000+00:00,2026-06-17 08:27:02.353000+00:00,Analyzed,CWE-434,2026-09-10T23:40:04.178604Z,4.0,cna@vuldb.com,5.1,MEDIUM,NETWORK,LOW,HIGH,NONE,,,,,,,,,,,,,,0,
CVE-2023-46187,2025-01-27 02:15:27.750000+00:00,2026-06-17 06:30:18.983000+00:00,Analyzed,CWE-79,2026-09-10T23:40:04.178604Z,3.1,nvd@nist.gov,5.4,MEDIUM,NETWORK,LOW,LOW,REQUIRED,LOW,LOW,NONE,,,,,,,,,,,0,
CVE-2024-12280,2025-01-27 06:15:21.207000+00:00,2026-06-17 06:59:24.927000+00:00,Analyzed,CWE-352,2026-09-10T23:40:04.178604Z,3.1,134c704f-9b21-4f2e-91b3-4a467353bcc0,4.3,MEDIUM,NETWORK,LOW,NONE,REQUIRED,NONE,LOW,NONE,,,,,,,,,,,0,
CVE-2024-13095,2025-01-27 06:15:23.440000+00:00,2026-06-17 07:01:10.283000+00:00,Analyzed,CWE-89,2026-09-10T23:40:04.178604Z,3.1,134c704f-9b21-4f2e-91b3-4a467353bcc0,4.8,MEDIUM,NETWORK,LOW,HIGH,REQUIRED,LOW,LOW,NONE,,,,,,,,,,,0,
CVE-2024-12345,2025-01-27 11:15:09.270000+00:00,2026-06-17 06:59:32.287000+00:00,Deferred,CWE-400,2026-09-10T23:40:04.178604Z,4.0,cna@vuldb.com,6.7,MEDIUM,LOCAL,LOW,HIGH,NONE,,,,,,,,,,,,,,0,
CVE-2025-24601,2025-01-27 14:15:28.927000+00:00,2026-06-17 08:59:17.950000+00:00,Deferred,CWE-502,2026-09-10T23:40:04.178604Z,3.1,audit@patchstack.com,9.8,CRITICAL,NETWORK,LOW,NONE,NONE,HIGH,HIGH,HIGH,,,,,,,,,,,0,
CVE-2025-24603,2025-01-27 15:15:14.437000+00:00,2026-06-17 08:59:18.143000+00:00,Deferred,CWE-862,2026-09-10T23:40:04.178604Z,3.1,audit@patchstack.com,4.3,MEDIUM,NETWORK,LOW,LOW,NONE,NONE,LOW,NONE,,,,,,,,,,,0,
CVE-2023-47159,2025-01-27 16:15:29.593000+00:00,2026-06-17 06:32:15.347000+00:00,Analyzed,CWE-204,2026-09-10T23:40:04.178604Z,3.1,psirt@us.ibm.com,4.3,MEDIUM,NETWORK,LOW,LOW,NONE,LOW,NONE,NONE,,,,,,,,,,,0,
CVE-2024-56963,2025-01-27 19:15:17.547000+00:00,2026-06-17 08:13:07.933000+00:00,Deferred,CWE-601,2026-09-10T23:40:04.178604Z,3.1,134c704f-9b21-4f2e-91b3-4a467353bcc0,6.5,MEDIUM,NETWORK,LOW,NONE,REQUIRED,HIGH,NONE,NONE,,,,,,,,,,,0,
CVE-2024-56965,2025-01-27 19:15:17.747000+00:00,2026-06-17 08:13:08.220000+00:00,Deferred,CWE-601,2026-09-10T23:40:04.178604Z,3.1,134c704f-9b21-4f2e-91b3-4a467353bcc0,6.5,MEDIUM,NETWORK,LOW,NONE,REQUIRED,HIGH,NONE,NONE,,,,,,,,,,,0,
CVE-2024-56966,2025-01-27 19:15:17.850000+00:00,2026-06-17 08:13:08.373000+00:00,Deferred,CWE-601,2026-09-10T23:40:04.178604Z,3.1,134c704f-9b21-4f2e-91b3-4a467353bcc0,6.5,MEDIUM,NETWORK,LOW,NONE,REQUIRED,HIGH,NONE,NONE,,,,,,,,,,,0,
CVE-2024-44172,2025-01-27 22:15:11.930000+00:00,2026-06-17 07:52:27.547000+00:00,Modified,CWE-863,2026-09-10T23:40:04.178604Z,3.1,nvd@nist.gov,3.3,LOW,LOCAL,LOW,LOW,NONE,LOW,NONE,NONE,,,,,,,,,,,0,
CVE-2024-54468,2025-01-27 22:15:12.187000+00:00,2026-06-17 08:10:24.293000+00:00,Modified,,2026-09-10T23:40:04.178604Z,3.1,nvd@nist.gov,8.2,HIGH,LOCAL,LOW,NONE,REQUIRED,HIGH,HIGH,NONE,,,,,,,,,,,0,
CVE-2024-54517,2025-01-27 22:15:13.160000+00:00,2026-06-17 08:10:30.537000+00:00,Modified,CWE-787,2026-09-10T23:40:04.178604Z,3.1,nvd@nist.gov,7.8,HIGH,LOCAL,LOW,LOW,NONE,HIGH,HIGH,HIGH,,,,,,,,,,,0,
CVE-2024-54542,2025-01-27 22:15:14.217000+00:00,2026-06-17 08:10:33.933000+00:00,Modified,CWE-862,2026-09-10T23:40:04.178604Z,3.1,134c704f-9b21-4f2e-91b3-4a467353bcc0,9.1,CRITICAL,NETWORK,LOW,NONE,NONE,HIGH,NONE,HIGH,,,,,,,,,,,0,
CVE-2024-54557,2025-01-27 22:15:14.670000+00:00,2026-06-17 08:10:35.250000+00:00,Modified,CWE-281,2026-09-10T23:40:04.178604Z,3.1,nvd@nist.gov,7.5,HIGH,NETWORK,LOW,NONE,NONE,HIGH,NONE,NONE,,,,,,,,,,,0,
CVE-2025-24104,2025-01-27 22:15:15.983000+00:00,2026-06-17 08:58:05.230000+00:00,Modified,CWE-59,2026-09-10T23:40:04.178604Z,3.1,nvd@nist.gov,5.5,MEDIUM,LOCAL,LOW,NONE,REQUIRED,NONE,HIGH,NONE,,,,,,,,,,,0,
CVE-2025-24118,2025-01-27 22:15:17.033000+00:00,2026-06-17 08:58:07+00:00,Modified,CWE-787,2026-09-10T23:40:04.178604Z,3.1,nvd@nist.gov,7.1,HIGH,LOCAL,LOW,NONE,REQUIRED,NONE,HIGH,HIGH,,,,,,,,,,,0,
CVE-2025-24120,2025-01-27 22:15:17.140000+00:00,2026-06-17 08:58:07.307000+00:00,Modified,CWE-772,2026-09-10T23:40:04.178604Z,3.1,nvd@nist.gov,7.5,HIGH,NETWORK,LOW,NONE,NONE,NONE,NONE,HIGH,,,,,,,,,,,0,
CVE-2025-24122,2025-01-27 22:15:17.323000+00:00,2026-06-17 08:58:07.600000+00:00,Modified,CWE-787,2026-09-10T23:40:04.178604Z,3.1,nvd@nist.gov,5.5,MEDIUM,LOCAL,LOW,NONE,REQUIRED,NONE,HIGH,NONE,,,,,,,,,,,0,
CVE-2025-24137,2025-01-27 22:15:18.433000+00:00,2026-06-17 08:58:09.550000+00:00,Modified,CWE-843,2026-09-10T23:40:04.178604Z,3.1,134c704f-9b21-4f2e-91b3-4a467353bcc0,8.0,HIGH,ADJACENT_NETWORK,LOW,NONE,REQUIRED,HIGH,HIGH,HIGH,,,,,,,,,,,0,
CVE-2025-24166,2025-01-27 22:15:20.357000+00:00,2025-01-28 22:15:17.080000+00:00,Rejected,,2026-09-10T23:40:04.178604Z,,,,,,,,,,,,,,,,,,,,,,0,
CVE-2024-57052,2025-01-27 23:15:09.723000+00:00,2026-06-17 08:13:14.757000+00:00,Analyzed,CWE-384,2026-09-10T23:40:04.178604Z,3.1,134c704f-9b21-4f2e-91b3-4a467353bcc0,9.8,CRITICAL,NETWORK,LOW,NONE,NONE,HIGH,HIGH,HIGH,,,,,,,,,,,0,
CVE-2025-0065,2025-01-28 11:15:07.413000+00:00,2026-06-17 08:25:44.697000+00:00,Deferred,CWE-88,2026-09-10T23:40:04.178604Z,3.1,psirt@teamviewer.com,7.8,HIGH,LOCAL,LOW,LOW,NONE,HIGH,HIGH,HIGH,,,,,,,,,,,0,
CVE-2018-9378,2025-01-28 17:15:08.530000+00:00,2026-06-17 02:06:31.127000+00:00,Analyzed,CWE-908,2026-09-10T23:40:04.178604Z,3.1,134c704f-9b21-4f2e-91b3-4a467353bcc0,6.2,MEDIUM,LOCAL,LOW,NONE,NONE,HIGH,NONE,NONE,,,,,,,,,,,0,
CVE-2024-34733,2025-01-28 20:15:30.893000+00:00,2026-06-17 07:33:58.213000+00:00,Analyzed,CWE-190,2026-09-10T23:40:04.178604Z,3.1,134c704f-9b21-4f2e-91b3-4a467353bcc0,8.4,HIGH,LOCAL,LOW,NONE,NONE,HIGH,HIGH,HIGH,,,,,,,,,,,0,
CVE-2024-40674,2025-01-28 20:15:49.620000+00:00,2026-06-17 07:46:17.643000+00:00,Analyzed,CWE-120,2026-09-10T23:40:04.178604Z,3.1,134c704f-9b21-4f2e-91b3-4a467353bcc0,5.3,MEDIUM,NETWORK,LOW,NONE,NONE,NONE,NONE,LOW,,,,,,,,,,,0,
CVE-2025-22917,2025-01-28 22:15:16.770000+00:00,2026-06-17 08:50:57.350000+00:00,Deferred,CWE-79,2026-09-10T23:40:04.178604Z,3.1,134c704f-9b21-4f2e-91b3-4a467353bcc0,5.4,MEDIUM,NETWORK,LOW,LOW,REQUIRED,LOW,LOW,NONE,,,,,,,,,,,0,
CVE-2025-0800,2025-01-29 02:15:27.373000+00:00,2026-06-17 08:27:09.863000+00:00,Analyzed,CWE-79,2026-09-10T23:40:04.178604Z,4.0,cna@vuldb.com,5.1,MEDIUM,NETWORK,LOW,HIGH,NONE,,,,,,,,,,,,,,0,
CVE-2025-0802,2025-01-29 02:15:27.550000+00:00,2026-06-17 08:27:10.107000+00:00,Analyzed,CWE-266,2026-09-10T23:40:04.178604Z,4.0,cna@vuldb.com,6.9,MEDIUM,NETWORK,LOW,NONE,NONE,,,,,,,,,,,,,,0,
CVE-2025-23362,2025-01-29 02:15:27.910000+00:00,2026-06-17 08:53:48.403000+00:00,Deferred,CWE-79,2026-09-10T23:40:04.178604Z,3.0,vultures@jpcert.or.jp,6.1,MEDIUM,NETWORK,LOW,NONE,REQUIRED,LOW,LOW,NONE,,,,,,,,,,,0,
CVE-2024-13696,2025-01-29 08:15:19.677000+00:00,2026-06-17 07:02:33.557000+00:00,Deferred,CWE-79,2026-09-10T23:40:04.178604Z,3.1,security@wordfence.com,7.2,HIGH,NETWORK,LOW,NONE,NONE,LOW,LOW,NONE,,,,,,,,,,,0,
CVE-2025-0762,2025-01-29 11:15:09.593000+00:00,2026-06-17 08:27:06.830000+00:00,Analyzed,CWE-416,2026-09-10T23:40:04.178604Z,3.1,134c704f-9b21-4f2e-91b3-4a467353bcc0,8.8,HIGH,NETWORK,LOW,NONE,REQUIRED,HIGH,HIGH,HIGH,,,,,,,,,,,0,
CVE-2025-24527,2025-01-29 17:15:29.873000+00:00,2026-06-17 08:59:10.410000+00:00,Deferred,CWE-732,2026-09-10T23:40:04.178604Z,3.1,cve@mitre.org,8.0,HIGH,NETWORK,HIGH,HIGH,NONE,HIGH,HIGH,HIGH,,,,,,,,,,,0,
CVE-2025-24791,2025-01-29 17:15:30.020000+00:00,2026-06-17 08:59:36.977000+00:00,Analyzed,CWE-281,2026-09-10T23:40:04.178604Z,3.1,nvd@nist.gov,5.5,MEDIUM,LOCAL,LOW,LOW,NONE,NONE,HIGH,NONE,,,,,,,,,,,0,
CVE-2024-48852,2025-01-29 19:15:18.720000+00:00,2026-06-17 07:58:53.683000+00:00,Deferred,CWE-532,2026-09-10T23:40:04.178604Z,4.0,cybersecurity@ch.abb.com,6.9,MEDIUM,NETWORK,LOW,NONE,NONE,,,,,,,,,,,,,,0,
CVE-2024-11187,2025-01-29 22:15:28.637000+00:00,2026-06-17 06:57:14.430000+00:00,Deferred,CWE-405,2026-09-10T23:40:04.178604Z,3.1,security-officer@isc.org,7.5,HIGH,NETWORK,LOW,NONE,NONE,NONE,NONE,HIGH,,,,,,,,,,,0,
CVE-2024-12705,2025-01-29 22:15:28.800000+00:00,2026-06-17 07:00:18.683000+00:00,Deferred,CWE-770,2026-09-10T23:40:04.178604Z,3.1,security-officer@isc.org,7.5,HIGH,NETWORK,LOW,NONE,NONE,NONE,NONE,HIGH,,,,,,,,,,,0,
CVE-2024-57395,2025-01-29 22:15:29.810000+00:00,2026-06-17 08:13:32.630000+00:00,Deferred,CWE-522,2026-09-10T23:40:04.178604Z,3.1,134c704f-9b21-4f2e-91b3-4a467353bcc0,9.8,CRITICAL,NETWORK,LOW,NONE,NONE,HIGH,HIGH,HIGH,,,,,,,,,,,0,
CVE-2024-57509,2025-01-29 22:15:29.907000+00:00,2026-06-17 08:13:38.617000+00:00,Deferred,CWE-120,2026-09-10T23:40:04.178604Z,3.1,134c704f-9b21-4f2e-91b3-4a467353bcc0,7.8,HIGH,LOCAL,LOW,LOW,NONE,HIGH,HIGH,HIGH,,,,,,,,,,,0,
CVE-2024-57510,2025-01-29 22:15:29.993000+00:00,2026-06-17 08:13:38.757000+00:00,Deferred,CWE-120,2026-09-10T23:40:04.178604Z,3.1,134c704f-9b21-4f2e-91b3-4a467353bcc0,7.8,HIGH,LOCAL,LOW,LOW,NONE,HIGH,HIGH,HIGH,,,,,,,,,,,0,
CVE-2024-57665,2025-01-29 23:15:22.597000+00:00,2026-06-17 08:13:53.820000+00:00,Analyzed,CWE-89,2026-09-10T23:40:04.178604Z,3.1,134c704f-9b21-4f2e-91b3-4a467353bcc0,9.8,CRITICAL,NETWORK,LOW,NONE,NONE,HIGH,HIGH,HIGH,,,,,,,,,,,0,
CVE-2025-0848,2025-01-30 02:15:25.597000+00:00,2026-06-17 08:27:15.343000+00:00,Analyzed,CWE-119,2026-09-10T23:40:04.178604Z,4.0,cna@vuldb.com,7.1,HIGH,NETWORK,LOW,LOW,NONE,,,,,,,,,,,,,,0,
CVE-2025-0849,2025-01-30 02:15:25.783000+00:00,2026-06-17 08:27:15.477000+00:00,Analyzed,CWE-266,2026-09-10T23:40:04.178604Z,4.0,cna@vuldb.com,5.3,MEDIUM,NETWORK,LOW,LOW,NONE,,,,,,,,,,,,,,0,
CVE-2024-13380,2025-01-30 13:15:09.107000+00:00,2026-06-17 07:01:54.147000+00:00,Deferred,CWE-79,2026-09-10T23:40:04.178604Z,3.1,security@wordfence.com,6.4,MEDIUM,NETWORK,LOW,LOW,NONE,LOW,LOW,NONE,,,,,,,,,,,0,
CVE-2024-12320,2025-01-30 14:15:32.180000+00:00,2026-06-17 06:59:29.403000+00:00,Modified,CWE-79,2026-09-10T23:40:04.178604Z,3.1,security@wordfence.com,6.1,MEDIUM,NETWORK,LOW,NONE,REQUIRED,LOW,LOW,NONE,,,,,,,,,,,0,
CVE-2024-12821,2025-01-30 14:15:32.843000+00:00,2026-06-17 07:00:34.857000+00:00,Analyzed,CWE-862,2026-09-10T23:40:04.178604Z,3.1,nvd@nist.gov,6.5,MEDIUM,NETWORK,LOW,LOW,NONE,NONE,HIGH,NONE,,,,,,,,,,,0,
CVE-2024-13349,2025-01-30 14:15:33.333000+00:00,2026-06-17 07:01:50.037000+00:00,Modified,CWE-79,2026-09-10T23:40:04.178604Z,3.1,nvd@nist.gov,5.4,MEDIUM,NETWORK,LOW,LOW,REQUIRED,LOW,LOW,NONE,,,,,,,,,,,0,
CVE-2025-22218,2025-01-30 15:15:18.487000+00:00,2026-06-17 08:45:40.467000+00:00,Analyzed,CWE-209,2026-09-10T23:40:04.178604Z,3.1,nvd@nist.gov,7.7,HIGH,NETWORK,LOW,LOW,NONE,HIGH,NONE,NONE,,,,,,,,,,,0,
CVE-2025-0683,2025-01-30 19:15:14.460000+00:00,2026-06-17 08:26:57.770000+00:00,Deferred,CWE-359,2026-09-10T23:40:04.178604Z,4.0,ics-cert@hq.dhs.gov,8.2,HIGH,NETWORK,LOW,NONE,NONE,,,,,,,,,,,,,,0,
CVE-2025-24502,2025-01-30 19:15:14.863000+00:00,2026-06-17 08:59:07.967000+00:00,Deferred,CWE-384,2026-09-10T23:40:04.178604Z,4.0,secure@symantec.com,5.3,MEDIUM,ADJACENT,LOW,NONE,NONE,,,,,,,,,,,,,,0,
CVE-2025-0146,2025-01-30 20:15:34.907000+00:00,2026-06-17 08:25:58.230000+00:00,Analyzed,CWE-59,2026-09-10T23:40:04.178604Z,3.1,nvd@nist.gov,5.0,MEDIUM,LOCAL,LOW,LOW,REQUIRED,NONE,NONE,HIGH,,,,,,,,,,,0,
CVE-2024-11610,2025-01-30 21:15:13.303000+00:00,2026-06-17 06:58:03.877000+00:00,Analyzed,CWE-119,2026-09-10T23:40:04.178604Z,3.0,zdi-disclosures@trendmicro.com,7.8,HIGH,LOCAL,LOW,NONE,REQUIRED,HIGH,HIGH,HIGH,,,,,,,,,,,0,
CVE-2024-23962,2025-01-31 00:15:09.367000+00:00,2026-06-17 07:13:57.800000+00:00,Analyzed,CWE-200,2026-09-10T23:40:04.178604Z,3.1,ics-cert@hq.dhs.gov,5.3,MEDIUM,NETWORK,LOW,NONE,NONE,LOW,NONE,NONE,,,,,,,,,,,0,
CVE-2024-23963,2025-01-31 00:15:09.483000+00:00,2026-06-17 07:13:57.917000+00:00,Analyzed,CWE-94,2026-09-10T23:40:04.178604Z,3.1,ics-cert@hq.dhs.gov,8.0,HIGH,ADJACENT_NETWORK,LOW,NONE,REQUIRED,HIGH,HIGH,HIGH,,,,,,,,,,,0,
CVE-2025-22265,2025-01-31 09:15:07.167000+00:00,2026-06-17 08:46:00.697000+00:00,Deferred,CWE-862,2026-09-10T23:40:04.178604Z,3.1,audit@patchstack.com,6.5,MEDIUM,NETWORK,LOW,NONE,NONE,NONE,LOW,LOW,,,,,,,,,,,0,
CVE-2025-23978,2025-01-31 09:15:08.830000+00:00,2026-06-17 08:57:49.727000+00:00,Deferred,CWE-352,2026-09-10T23:40:04.178604Z,3.1,audit@patchstack.com,7.1,HIGH,NETWORK,LOW,NONE,REQUIRED,LOW,LOW,LOW,,,,,,,,,,,0,
CVE-2025-23990,2025-01-31 09:15:09.577000+00:00,2026-06-17 08:57:50.923000+00:00,Deferred,CWE-352,2026-09-10T23:40:04.178604Z,3.1,audit@patchstack.com,7.1,HIGH,NETWORK,LOW,NONE,REQUIRED,LOW,LOW,LOW,,,,,,,,,,,0,
CVE-2025-24608,2025-01-31 09:15:10.767000+00:00,2026-06-17 08:59:18.657000+00:00,Deferred,CWE-79,2026-09-10T23:40:04.178604Z,3.1,audit@patchstack.com,7.1,HIGH,NETWORK,LOW,NONE,REQUIRED,LOW,LOW,LOW,,,,,,,,,,,0,
CVE-2024-12415,2025-01-31 11:15:09.657000+00:00,2026-06-17 06:59:40.903000+00:00,Deferred,CWE-94,2026-09-10T23:40:04.178604Z,3.1,security@wordfence.com,6.5,MEDIUM,NETWORK,LOW,NONE,NONE,LOW,LOW,NONE,,,,,,,,,,,0,
CVE-2024-13662,2025-01-31 11:15:09.830000+00:00,2026-06-17 07:02:29.110000+00:00,Deferred,CWE-79,2026-09-10T23:40:04.178604Z,3.1,security@wordfence.com,6.4,MEDIUM,NETWORK,LOW,LOW,NONE,LOW,LOW,NONE,,,,,,,,,,,0,
CVE-2024-45089,2025-01-31 16:15:34.177000+00:00,2026-06-17 07:53:33.430000+00:00,Analyzed,CWE-203,2026-09-10T23:40:04.178604Z,3.1,psirt@us.ibm.com,4.3,MEDIUM,NETWORK,LOW,LOW,NONE,LOW,NONE,NONE,,,,,,,,,,,0,
CVE-2024-57432,2025-01-31 17:15:15.993000+00:00,2026-06-17 08:13:34.437000+00:00,Analyzed,CWE-287,2026-09-10T23:40:04.178604Z,3.1,134c704f-9b21-4f2e-91b3-4a467353bcc0,7.5,HIGH,NETWORK,LOW,NONE,NONE,HIGH,NONE,NONE,,,,,,,,,,,0,
CVE-2025-0938,2025-01-31 18:15:38.053000+00:00,2026-07-31 14:16:42.597000+00:00,Deferred,CWE-20,2026-09-10T23:40:04.178604Z,4.0,cna@python.org,6.3,MEDIUM,NETWORK,HIGH,NONE,NONE,,,,,,,,,,,,,,0,
CVE-2024-12184,2025-02-01 04:15:30.443000+00:00,2026-06-17 06:59:12.173000+00:00,Analyzed,CWE-862,2026-09-10T23:40:04.178604Z,3.1,security@wordfence.com,5.3,MEDIUM,NETWORK,LOW,NONE,NONE,LOW,NONE,NONE,,,,,,,,,,,0,
CVE-2024-12620,2025-02-01 04:15:30.583000+00:00,2026-06-17 07:00:09.530000+00:00,Analyzed,CWE-862,2026-09-10T23:40:04.178604Z,3.1,security@wordfence.com,5.3,MEDIUM,NETWORK,LOW,NONE,NONE,NONE,LOW,NONE,,,,,,,,,,,0,
CVE-2024-13098,2025-02-01 06:15:31.010000+00:00,2026-06-17 07:01:10.810000+00:00,Analyzed,CWE-79,2026-09-10T23:40:04.178604Z,3.1,134c704f-9b21-4f2e-91b3-4a467353bcc0,5.4,MEDIUM,NETWORK,LOW,LOW,NONE,LOW,LOW,NONE,,,,,,,,,,,0,
CVE-2024-13428,2025-02-01 08:15:09.910000+00:00,2026-06-17 07:01:59.670000+00:00,Analyzed,CWE-639,2026-09-10T23:40:04.178604Z,3.1,security@wordfence.com,5.3,MEDIUM,NETWORK,LOW,NONE,NONE,NONE,LOW,NONE,,,,,,,,,,,0,
CVE-2025-0946,2025-02-01 16:15:27.180000+00:00,2026-06-17 08:27:24.883000+00:00,Analyzed,CWE-89,2026-09-10T23:40:04.178604Z,4.0,cna@vuldb.com,5.3,MEDIUM,NETWORK,LOW,LOW,NONE,,,,,,,,,,,,,,0,
CVE-2025-0948,2025-02-01 18:15:27.087000+00:00,2026-06-17 08:27:25.157000+00:00,Analyzed,CWE-89,2026-09-10T23:40:04.178604Z,4.0,cna@vuldb.com,5.3,MEDIUM,NETWORK,LOW,LOW,NONE,,,,,,,,,,,,,,0,
CVE-2024-0131,2025-02-02 01:15:24.640000+00:00,2026-06-17 06:52:50.557000+00:00,Deferred,CWE-805,2026-09-10T23:40:04.178604Z,3.1,psirt@nvidia.com,4.4,MEDIUM,LOCAL,LOW,HIGH,NONE,NONE,NONE,HIGH,,,,,,,,,,,0,
CVE-2025-0973,2025-02-03 01:15:07.263000+00:00,2026-06-17 08:27:27.643000+00:00,Analyzed,CWE-22,2026-09-10T23:40:04.178604Z,4.0,cna@vuldb.com,5.3,MEDIUM,NETWORK,LOW,LOW,NONE,,,,,,,,,,,,,,0,
CVE-2025-20634,2025-02-03 04:15:08.423000+00:00,2026-06-17 08:41:42.637000+00:00,Modified,CWE-787,2026-09-10T23:40:04.178604Z,3.1,nvd@nist.gov,9.8,CRITICAL,NETWORK,LOW,NONE,NONE,HIGH,HIGH,HIGH,,,,,,,,,,,0,
CVE-2025-20641,2025-02-03 04:15:09.210000+00:00,2026-06-17 08:41:43.707000+00:00,Analyzed,CWE-787,2026-09-10T23:40:04.178604Z,3.1,nvd@nist.gov,6.6,MEDIUM,PHYSICAL,LOW,NONE,REQUIRED,HIGH,HIGH,HIGH,,,,,,,,,,,0,
CVE-2025-22688,2025-02-03 15:15:19.007000+00:00,2026-06-17 08:49:16.920000+00:00,Deferred,CWE-352,2026-09-10T23:40:04.178604Z,3.1,audit@patchstack.com,7.1,HIGH,NETWORK,LOW,NONE,REQUIRED,LOW,LOW,LOW,,,,,,,,,,,0,
CVE-2025-24574,2025-02-03 15:15:26.013000+00:00,2026-06-17 08:59:15.150000+00:00,Deferred,CWE-79,2026-09-10T23:40:04.178604Z,3.1,audit@patchstack.com,7.1,HIGH,NETWORK,LOW,NONE,REQUIRED,LOW,LOW,LOW,,,,,,,,,,,0,
CVE-2024-36437,2025-02-03 18:15:33.733000+00:00,2026-06-17 07:36:43.113000+00:00,Deferred,CWE-926,2026-09-10T23:40:04.178604Z,3.1,134c704f-9b21-4f2e-91b3-4a467353bcc0,6.5,MEDIUM,NETWORK,LOW,NONE,NONE,LOW,LOW,NONE,,,,,,,,,,,0,
CVE-2025-22978,2025-02-03 20:15:36.720000+00:00,2026-06-17 08:51:17.260000+00:00,Modified,CWE-74,2026-09-10T23:40:04.178604Z,3.1,134c704f-9b21-4f2e-91b3-4a467353bcc0,9.8,CRITICAL,NETWORK,LOW,NONE,NONE,HIGH,HIGH,HIGH,,,,,,,,,,,0,
CVE-2025-25064,2025-02-03 20:15:37.257000+00:00,2026-06-17 09:00:13.910000+00:00,Analyzed,CWE-89,2026-09-10T23:40:04.178604Z,3.1,134c704f-9b21-4f2e-91b3-4a467353bcc0,8.8,HIGH,NETWORK,LOW,LOW,NONE,HIGH,HIGH,HIGH,,,,,,,,,,,0,
CVE-2024-56901,2025-02-03 21:15:14.157000+00:00,2026-06-17 08:13:03.603000+00:00,Deferred,CWE-352,2026-09-10T23:40:04.178604Z,3.1,134c704f-9b21-4f2e-91b3-4a467353bcc0,8.8,HIGH,NETWORK,LOW,NONE,REQUIRED,HIGH,HIGH,HIGH,,,,,,,,,,,0,
CVE-2024-35177,2025-02-03 22:15:27.600000+00:00,2026-06-17 07:34:29.370000+00:00,Analyzed,CWE-284,2026-09-10T23:40:04.178604Z,3.1,security-advisories@github.com,7.8,HIGH,LOCAL,LOW,LOW,NONE,HIGH,HIGH,HIGH,,,,,,,,,,,0,
CVE-2025-24371,2025-02-03 22:15:28.460000+00:00,2026-06-17 08:58:55.260000+00:00,Deferred,CWE-703,2026-09-10T23:40:04.178604Z,4.0,security-advisories@github.com,7.1,HIGH,NETWORK,LOW,LOW,NONE,,,,,,,,,,,,,,0,
CVE-2025-24906,2025-02-03 22:15:28.963000+00:00,2026-06-17 08:59:49.380000+00:00,Analyzed,CWE-89,2026-09-10T23:40:04.178604Z,4.0,security-advisories@github.com,10.0,CRITICAL,NETWORK,LOW,NONE,NONE,,,,,,,,,,,,,,0,
CVE-2025-20883,2025-02-04 08:15:29.210000+00:00,2026-06-17 08:42:08.167000+00:00,Analyzed,,2026-09-10T23:40:04.178604Z,3.1,nvd@nist.gov,4.6,MEDIUM,PHYSICAL,LOW,NONE,NONE,HIGH,NONE,NONE,,,,,,,,,,,0,
CVE-2025-20900,2025-02-04 08:15:31.573000+00:00,2026-06-17 08:42:10.230000+00:00,Analyzed,CWE-787,2026-09-10T23:40:04.178604Z,3.1,nvd@nist.gov,4.4,MEDIUM,LOCAL,LOW,HIGH,NONE,NONE,HIGH,NONE,,,,,,,,,,,0,
CVE-2025-23015,2025-02-04 10:15:09.097000+00:00,2026-06-17 08:51:26.447000+00:00,Analyzed,CWE-267,2026-09-10T23:40:04.178604Z,3.1,134c704f-9b21-4f2e-91b3-4a467353bcc0,8.8,HIGH,NETWORK,LOW,LOW,NONE,HIGH,HIGH,HIGH,,,,,,,,,,,0,
CVE-2025-1009,2025-02-04 14:15:31.653000+00:00,2026-06-17 08:38:13.013000+00:00,Modified,CWE-416,2026-09-10T23:40:04.178604Z,3.1,nvd@nist.gov,9.8,CRITICAL,NETWORK,LOW,NONE,NONE,HIGH,HIGH,HIGH,,,,,,,,,,,0,
CVE-2025-1012,2025-02-04 14:15:32+00:00,2026-06-17 08:38:13.470000+00:00,Modified,CWE-416,2026-09-10T23:40:04.178604Z,3.1,nvd@nist.gov,7.5,HIGH,NETWORK,HIGH,NONE,REQUIRED,HIGH,HIGH,HIGH,,,,,,,,,,,0,
CVE-2025-1016,2025-02-04 14:15:32.467000+00:00,2026-06-17 08:38:14.057000+00:00,Modified,CWE-787,2026-09-10T23:40:04.178604Z,3.1,nvd@nist.gov,9.8,CRITICAL,NETWORK,LOW,NONE,NONE,HIGH,HIGH,HIGH,,,,,,,,,,,0,
CVE-2025-1020,2025-02-04 14:15:32.953000+00:00,2026-06-17 08:38:14.650000+00:00,Modified,CWE-787,2026-09-10T23:40:04.178604Z,3.1,nvd@nist.gov,9.8,CRITICAL,NETWORK,LOW,NONE,NONE,HIGH,HIGH,HIGH,,,,,,,,,,,0,
CVE-2025-0825,2025-02-04 15:15:19.420000+00:00,2026-06-17 08:27:12.473000+00:00,Analyzed,CWE-113,2026-09-10T23:40:04.178604Z,4.0,596c5446-0ce5-4ba2-aa66-48b3b757a647,6.9,MEDIUM,NETWORK,LOW,NONE,ACTIVE,,,,,,,,,,,,,,0,
CVE-2025-22675,2025-02-04 15:15:21.433000+00:00,2026-06-17 08:49:10.777000+00:00,Deferred,CWE-79,2026-09-10T23:40:04.178604Z,3.1,audit@patchstack.com,6.5,MEDIUM,NETWORK,LOW,LOW,REQUIRED,LOW,LOW,LOW,,,,,,,,,,,0,
CVE-2025-23058,2025-02-04 18:15:35.423000+00:00,2026-06-17 08:51:46.553000+00:00,Analyzed,CWE-1390,2026-09-10T23:40:04.178604Z,3.1,nvd@nist.gov,8.1,HIGH,NETWORK,LOW,LOW,NONE,HIGH,HIGH,NONE,,,,,,,,,,,0,
CVE-2025-23059,2025-02-04 18:15:35.570000+00:00,2026-06-17 08:51:47.037000+00:00,Analyzed,CWE-22,2026-09-10T23:40:04.178604Z,3.1,nvd@nist.gov,4.9,MEDIUM,NETWORK,LOW,HIGH,NONE,HIGH,NONE,NONE,,,,,,,,,,,0,
CVE-2025-24971,2025-02-04 19:15:33.827000+00:00,2026-06-17 08:59:54.343000+00:00,Deferred,CWE-78,2026-09-10T23:40:04.178604Z,4.0,security-advisories@github.com,9.5,CRITICAL,NETWORK,LOW,NONE,NONE,,,,,,,,,,,,,,0,
CVE-2025-22601,2025-02-04 21:15:27.800000+00:00,2026-06-17 08:48:36.563000+00:00,Analyzed,CWE-22,2026-09-10T23:40:04.178604Z,3.1,security-advisories@github.com,3.1,LOW,NETWORK,HIGH,NONE,REQUIRED,NONE,LOW,NONE,,,,,,,,,,,0,
CVE-2025-20179,2025-02-05 17:15:25.210000+00:00,2026-06-17 08:40:59.650000+00:00,Deferred,CWE-79,2026-09-10T23:40:04.178604Z,3.1,psirt@cisco.com,6.1,MEDIUM,NETWORK,LOW,NONE,REQUIRED,LOW,LOW,NONE,,,,,,,,,,,0,
CVE-2024-57064,2025-02-05 22:15:30.790000+00:00,2026-06-17 08:13:15.677000+00:00,Deferred,CWE-1321,2026-09-10T23:40:04.178604Z,3.1,134c704f-9b21-4f2e-91b3-4a467353bcc0,7.5,HIGH,NETWORK,LOW,NONE,NONE,NONE,NONE,HIGH,,,,,,,,,,,0,
CVE-2024-57086,2025-02-05 22:15:32.810000+00:00,2026-06-17 08:13:18.650000+00:00,Deferred,CWE-1321,2026-09-10T23:40:04.178604Z,3.1,134c704f-9b21-4f2e-91b3-4a467353bcc0,7.5,HIGH,NETWORK,LOW,NONE,NONE,NONE,NONE,HIGH,,,,,,,,,,,0,
CVE-2024-57520,2025-02-05 22:15:32.923000+00:00,2026-06-17 08:13:39.347000+00:00,Modified,CWE-732,2026-09-10T23:40:04.178604Z,3.1,134c704f-9b21-4f2e-91b3-4a467353bcc0,9.8,CRITICAL,NETWORK,LOW,NONE,NONE,HIGH,HIGH,HIGH,,,,,,,,,,,0,
CVE-2024-38317,2025-02-05 23:15:09.407000+00:00,2026-06-17 07:39:56.240000+00:00,Analyzed,CWE-79,2026-09-10T23:40:04.178604Z,3.1,psirt@us.ibm.com,4.8,MEDIUM,NETWORK,LOW,HIGH,REQUIRED,LOW,LOW,NONE,,,,,,,,,,,0,
CVE-2024-49791,2025-02-06 00:15:26.420000+00:00,2026-06-17 08:00:27.030000+00:00,Analyzed,CWE-79,2026-09-10T23:40:04.178604Z,3.1,nvd@nist.gov,5.4,MEDIUM,NETWORK,LOW,LOW,REQUIRED,LOW,LOW,NONE,,,,,,,,,,,0,
CVE-2024-49792,2025-02-06 00:15:26.570000+00:00,2026-06-17 08:00:27.147000+00:00,Analyzed,CWE-79,2026-09-10T23:40:04.178604Z,3.1,psirt@us.ibm.com,5.4,MEDIUM,NETWORK,LOW,LOW,REQUIRED,LOW,LOW,NONE,,,,,,,,,,,0,
CVE-2024-49793,2025-02-06 00:15:26.723000+00:00,2026-06-17 08:00:27.260000+00:00,Analyzed,CWE-79,2026-09-10T23:40:04.178604Z,3.1,psirt@us.ibm.com,5.4,MEDIUM,NETWORK,LOW,LOW,REQUIRED,LOW,LOW,NONE,,,,,,,,,,,0,
CVE-2024-51547,2025-02-06 05:15:12.850000+00:00,2026-06-17 08:05:53.920000+00:00,Modified,CWE-798,2026-09-10T23:40:04.178604Z,4.0,cybersecurity@ch.abb.com,9.3,CRITICAL,NETWORK,LOW,NONE,NONE,,,,,,,,,,,,,,0,
CVE-2024-57956,2025-02-06 13:15:39.723000+00:00,2026-06-17 08:14:19.107000+00:00,Analyzed,CWE-125,2026-09-10T23:40:04.178604Z,3.1,nvd@nist.gov,7.5,HIGH,NETWORK,LOW,NONE,NONE,NONE,NONE,HIGH,,,,,,,,,,,0,
CVE-2025-1078,2025-02-06 17:15:21.040000+00:00,2026-06-17 08:38:20.823000+00:00,Deferred,CWE-266,2026-09-10T23:40:04.178604Z,4.0,cna@vuldb.com,4.8,MEDIUM,LOCAL,LOW,LOW,NONE,,,,,,,,,,,,,,0,
CVE-2024-56467,2025-02-06 21:15:21.600000+00:00,2026-06-17 08:12:13.920000+00:00,Analyzed,CWE-209,2026-09-10T23:40:04.178604Z,3.1,psirt@us.ibm.com,3.3,LOW,LOCAL,LOW,LOW,NONE,LOW,NONE,NONE,,,,,,,,,,,0,
CVE-2024-54909,2025-02-06 22:15:38.250000+00:00,2026-06-17 08:10:46.377000+00:00,Deferred,CWE-22,2026-09-10T23:40:04.178604Z,3.1,134c704f-9b21-4f2e-91b3-4a467353bcc0,8.1,HIGH,NETWORK,LOW,LOW,NONE,HIGH,HIGH,NONE,,,,,,,,,,,0,
CVE-2025-1085,2025-02-07 01:15:07.930000+00:00,2026-06-17 08:38:21.750000+00:00,Deferred,CWE-79,2026-09-10T23:40:04.178604Z,4.0,cna@vuldb.com,5.3,MEDIUM,NETWORK,LOW,NONE,PASSIVE,,,,,,,,,,,,,,0,
CVE-2025-1072,2025-02-07 04:15:07.737000+00:00,2026-06-17 08:38:20.090000+00:00,Analyzed,CWE-770,2026-09-10T23:40:04.178604Z,3.1,nvd@nist.gov,6.5,MEDIUM,NETWORK,LOW,LOW,NONE,NONE,NONE,HIGH,,,,,,,,,,,0,
CVE-2025-1077,2025-02-07 09:15:08.380000+00:00,2026-06-17 08:38:20.680000+00:00,Deferred,CWE-20,2026-09-10T23:40:04.178604Z,4.0,incident@nbu.gov.sk,9.5,CRITICAL,NETWORK,HIGH,NONE,NONE,,,,,,,,,,,,,,0,
CVE-2025-25071,2025-02-07 10:15:11.840000+00:00,2026-06-17 09:00:14.867000+00:00,Deferred,CWE-352,2026-09-10T23:40:04.178604Z,3.1,audit@patchstack.com,7.1,HIGH,NETWORK,LOW,NONE,REQUIRED,LOW,LOW,LOW,,,,,,,,,,,0,
CVE-2025-25085,2025-02-07 10:15:13.980000+00:00,2026-06-17 09:00:16.267000+00:00,Deferred,CWE-79,2026-09-10T23:40:04.178604Z,3.1,audit@patchstack.com,6.5,MEDIUM,NETWORK,LOW,LOW,REQUIRED,LOW,LOW,LOW,,,,,,,,,,,0,
CVE-2025-25104,2025-02-07 10:15:16.027000+00:00,2026-06-17 09:00:18.170000+00:00,Deferred,CWE-352,2026-09-10T23:40:04.178604Z,3.1,audit@patchstack.com,7.1,HIGH,NETWORK,LOW,NONE,REQUIRED,LOW,LOW,LOW,,,,,,,,,,,0,
CVE-2025-25107,2025-02-07 10:15:16.570000+00:00,2026-06-17 09:00:18.463000+00:00,Deferred,CWE-352,2026-09-10T23:40:04.178604Z,3.1,audit@patchstack.com,9.6,CRITICAL,NETWORK,LOW,NONE,REQUIRED,HIGH,HIGH,HIGH,,,,,,,,,,,0,
CVE-2025-25138,2025-02-07 10:15:18.663000+00:00,2026-06-17 09:00:21.670000+00:00,Deferred,CWE-352,2026-09-10T23:40:04.178604Z,3.1,audit@patchstack.com,7.1,HIGH,NETWORK,LOW,NONE,REQUIRED,LOW,LOW,LOW,,,,,,,,,,,0,
CVE-2025-25149,2025-02-07 10:15:20.420000+00:00,2026-06-17 09:00:22.750000+00:00,Deferred,CWE-352,2026-09-10T23:40:04.178604Z,3.1,audit@patchstack.com,7.1,HIGH,NETWORK,LOW,NONE,REQUIRED,LOW,LOW,LOW,,,,,,,,,,,0,
CVE-2024-10383,2025-02-07 15:15:16.703000+00:00,2026-06-17 06:55:31.840000+00:00,Analyzed,CWE-79,2026-09-10T23:40:04.178604Z,3.1,nvd@nist.gov,6.1,MEDIUM,NETWORK,LOW,NONE,REQUIRED,LOW,LOW,NONE,,,,,,,,,,,0,
CVE-2024-48091,2025-02-07 16:15:36.510000+00:00,2026-06-17 07:58:12.093000+00:00,Deferred,CWE-427,2026-09-10T23:40:04.178604Z,3.1,134c704f-9b21-4f2e-91b3-4a467353bcc0,7.8,HIGH,LOCAL,LOW,NONE,REQUIRED,HIGH,HIGH,HIGH,,,,,,,,,,,0,
CVE-2024-7419,2025-02-07 16:15:39.100000+00:00,2026-06-17 08:20:03.297000+00:00,Analyzed,CWE-94,2026-09-10T23:40:04.178604Z,3.1,nvd@nist.gov,8.8,HIGH,NETWORK,LOW,NONE,REQUIRED,HIGH,HIGH,HIGH,,,,,,,,,,,0,
CVE-2025-25183,2025-02-07 20:15:34.083000+00:00,2026-06-17 09:00:26.433000+00:00,Analyzed,CWE-354,2026-09-10T23:40:04.178604Z,3.1,security-advisories@github.com,2.6,LOW,NETWORK,HIGH,LOW,REQUIRED,NONE,LOW,NONE,,,,,,,,,,,0,
CVE-2024-57278,2025-02-07 22:15:13.433000+00:00,2026-06-17 08:13:29.390000+00:00,Deferred,CWE-79,2026-09-10T23:40:04.178604Z,3.1,134c704f-9b21-4f2e-91b3-4a467353bcc0,5.4,MEDIUM,NETWORK,LOW,LOW,REQUIRED,LOW,LOW,NONE,,,,,,,,,,,0,
CVE-2025-1115,2025-02-08 10:15:20.997000+00:00,2026-06-17 08:38:24.697000+00:00,Analyzed,CWE-200,2026-09-10T23:40:04.178604Z,4.0,cna@vuldb.com,4.8,MEDIUM,LOCAL,LOW,LOW,NONE,,,,,,,,,,,,,,0,
CVE-2025-0517,2025-02-08 22:15:28.823000+00:00,2025-02-08 22:15:28.823000+00:00,Rejected,,2026-09-10T23:40:04.178604Z,,,,,,,,,,,,,,,,,,,,,,0,
CVE-2024-11831,2025-02-10 16:15:37.080000+00:00,2026-09-08 16:17:47.957000+00:00,Deferred,CWE-79,2026-09-10T23:40:04.178604Z,3.1,secalert@redhat.com,5.4,MEDIUM,NETWORK,LOW,LOW,REQUIRED,LOW,LOW,NONE,,,,,,,,,,,0,
CVE-2025-21692,2025-02-10 16:15:38.763000+00:00,2026-06-17 08:44:02.260000+00:00,Modified,CWE-129,2026-09-10T23:40:04.178604Z,3.1,nvd@nist.gov,7.8,HIGH,LOCAL,LOW,LOW,NONE,HIGH,HIGH,HIGH,,,,,,,,,,,0,
CVE-2024-13059,2025-02-10 19:15:37.587000+00:00,2026-06-17 07:01:04.940000+00:00,Analyzed,CWE-22,2026-09-10T23:40:04.178604Z,3.0,security@huntr.dev,7.2,HIGH,NETWORK,LOW,HIGH,NONE,HIGH,HIGH,HIGH,,,,,,,,,,,0,
CVE-2024-46437,2025-02-10 19:15:39.200000+00:00,2026-06-17 07:55:22.767000+00:00,Analyzed,CWE-200,2026-09-10T23:40:04.178604Z,3.1,134c704f-9b21-4f2e-91b3-4a467353bcc0,6.5,MEDIUM,ADJACENT_NETWORK,LOW,NONE,NONE,HIGH,NONE,NONE,,,,,,,,,,,0,
CVE-2025-23193,2025-02-11 01:15:10.700000+00:00,2026-06-17 08:52:31.513000+00:00,Analyzed,CWE-204,2026-09-10T23:40:04.178604Z,3.1,nvd@nist.gov,7.5,HIGH,NETWORK,LOW,NONE,NONE,HIGH,NONE,NONE,,,,,,,,,,,0,
CVE-2025-25241,2025-02-11 01:15:12.027000+00:00,2026-06-17 09:00:32.687000+00:00,Deferred,CWE-862,2026-09-10T23:40:04.178604Z,3.1,cna@sap.com,5.4,MEDIUM,NETWORK,LOW,LOW,NONE,LOW,LOW,NONE,,,,,,,,,,,0,
CVE-2023-4784,2025-02-11 02:15:32.390000+00:00,2025-02-11 02:15:32.390000+00:00,Rejected,,2026-09-10T23:40:04.178604Z,,,,,,,,,,,,,,,,,,,,,,0,
CVE-2023-5510,2025-02-11 02:15:32.573000+00:00,2025-02-11 02:15:32.573000+00:00,Rejected,,2026-09-10T23:40:04.178604Z,,,,,,,,,,,,,,,,,,,,,,0,
CVE-2023-6167,2025-02-11 02:15:32.743000+00:00,2025-02-11 02:15:32.743000+00:00,Rejected,,2026-09-10T23:40:04.178604Z,,,,,,,,,,,,,,,,,,,,,,0,
CVE-2024-4952,2025-02-11 02:15:35.257000+00:00,2025-02-11 02:15:35.257000+00:00,Rejected,,2026-09-10T23:40:04.178604Z,,,,,,,,,,,,,,,,,,,,,,0,
CVE-2024-8240,2025-02-11 02:15:36.233000+00:00,2025-02-11 02:15:36.233000+00:00,Rejected,,2026-09-10T23:40:04.178604Z,,,,,,,,,,,,,,,,,,,,,,0,
CVE-2025-1143,2025-02-11 04:15:08.163000+00:00,2026-06-17 08:38:27.270000+00:00,Deferred,CWE-798,2026-09-10T23:40:04.178604Z,3.1,twcert@cert.org.tw,8.4,HIGH,LOCAL,LOW,NONE,NONE,HIGH,HIGH,HIGH,,,,,,,,,,,0,
CVE-2024-12599,2025-02-11 05:15:12.790000+00:00,2026-06-17 07:00:01.430000+00:00,Modified,CWE-79,2026-09-10T23:40:04.178604Z,3.1,nvd@nist.gov,6.1,MEDIUM,NETWORK,LOW,NONE,REQUIRED,LOW,LOW,NONE,,,,,,,,,,,0,
CVE-2024-13544,2025-02-11 06:15:19.650000+00:00,2026-06-17 07:02:13.813000+00:00,Analyzed,CWE-434,2026-09-10T23:40:04.178604Z,3.1,nvd@nist.gov,4.8,MEDIUM,NETWORK,LOW,HIGH,REQUIRED,LOW,LOW,NONE,,,,,,,,,,,0,
CVE-2025-0180,2025-02-11 07:15:29.277000+00:00,2026-06-17 08:26:01.600000+00:00,Deferred,CWE-269,2026-09-10T23:40:04.178604Z,3.1,security@wordfence.com,9.8,CRITICAL,NETWORK,LOW,NONE,NONE,HIGH,HIGH,HIGH,,,,,,,,,,,0,
CVE-2025-0181,2025-02-11 07:15:29.827000+00:00,2026-06-17 08:26:01.733000+00:00,Deferred,CWE-288,2026-09-10T23:40:04.178604Z,3.1,security@wordfence.com,9.8,CRITICAL,NETWORK,LOW,NONE,NONE,HIGH,HIGH,HIGH,,,,,,,,,,,0,
CVE-2024-45718,2025-02-11 08:15:30.953000+00:00,2026-06-17 07:54:42.120000+00:00,Deferred,CWE-312,2026-09-10T23:40:04.178604Z,3.1,psirt@solarwinds.com,4.6,MEDIUM,LOCAL,LOW,HIGH,NONE,LOW,LOW,NONE,,,,,,,,,,,0,
CVE-2025-1182,2025-02-11 09:15:09.530000+00:00,2026-06-17 08:38:32.950000+00:00,Analyzed,CWE-119,2026-09-10T23:40:04.178604Z,4.0,cna@vuldb.com,2.3,LOW,NETWORK,HIGH,NONE,PASSIVE,,,,,,,,,,,,,,0,
CVE-2025-26408,2025-02-11 10:15:09.617000+00:00,2026-06-17 09:01:43.180000+00:00,Deferred,CWE-1191,2026-09-10T23:40:04.178604Z,3.1,134c704f-9b21-4f2e-91b3-4a467353bcc0,6.1,MEDIUM,PHYSICAL,LOW,NONE,NONE,HIGH,HIGH,NONE,,,,,,,,,,,0,
CVE-2025-26411,2025-02-11 10:15:09.973000+00:00,2026-06-17 09:01:43.583000+00:00,Deferred,CWE-434,2026-09-10T23:40:04.178604Z,3.1,134c704f-9b21-4f2e-91b3-4a467353bcc0,8.8,HIGH,NETWORK,LOW,LOW,NONE,HIGH,HIGH,HIGH,,,,,,,,,,,0,
CVE-2023-37482,2025-02-11 11:15:11.427000+00:00,2026-06-17 06:08:18.503000+00:00,Deferred,CWE-203,2026-09-10T23:40:04.178604Z,4.0,productcert@siemens.com,6.9,MEDIUM,NETWORK,LOW,NONE,NONE,,,,,,,,,,,,,,0,
CVE-2024-54090,2025-02-11 11:15:15.647000+00:00,2026-06-17 08:09:45.043000+00:00,Deferred,CWE-125,2026-09-10T23:40:04.178604Z,4.0,productcert@siemens.com,6.0,MEDIUM,NETWORK,HIGH,LOW,NONE,,,,,,,,,,,,,,0,
CVE-2025-26491,2025-02-11 11:15:17.613000+00:00,2025-02-14 20:15:37.930000+00:00,Rejected,,2026-09-10T23:40:04.178604Z,,,,,,,,,,,,,,,,,,,,,,0,
CVE-2025-26492,2025-02-11 14:15:31.260000+00:00,2026-06-17 09:01:54.517000+00:00,Analyzed,CWE-522,2026-09-10T23:40:04.178604Z,3.1,nvd@nist.gov,9.1,CRITICAL,NETWORK,LOW,NONE,NONE,HIGH,HIGH,NONE,,,,,,,,,,,0,
CVE-2024-11771,2025-02-11 16:15:38.520000+00:00,2026-06-17 06:58:25.673000+00:00,Analyzed,CWE-22,2026-09-10T23:40:04.178604Z,3.1,3c1d8aa1-5a33-4ea4-8992-aadd6440af75,5.3,MEDIUM,NETWORK,LOW,NONE,NONE,LOW,NONE,NONE,,,,,,,,,,,0,
CVE-2024-47908,2025-02-11 16:15:40.247000+00:00,2026-06-17 07:57:57.937000+00:00,Analyzed,CWE-78,2026-09-10T23:40:04.178604Z,3.1,nvd@nist.gov,7.2,HIGH,NETWORK,LOW,HIGH,NONE,HIGH,HIGH,HIGH,,,,,,,,,,,0,
CVE-2025-24896,2025-02-11 16:15:51.477000+00:00,2026-06-17 08:59:48.270000+00:00,Analyzed,CWE-613,2026-09-10T23:40:04.178604Z,3.1,nvd@nist.gov,8.1,HIGH,NETWORK,LOW,NONE,REQUIRED,HIGH,HIGH,NONE,,,,,,,,,,,0,
CVE-2024-50567,2025-02-11 17:15:22.980000+00:00,2026-06-17 08:04:42.850000+00:00,Analyzed,CWE-78,2026-09-10T23:40:04.178604Z,3.1,psirt@fortinet.com,7.2,HIGH,NETWORK,LOW,HIGH,NONE,HIGH,HIGH,HIGH,,,,,,,,,,,0,
CVE-2024-52968,2025-02-11 17:15:23.400000+00:00,2026-06-17 08:07:56.790000+00:00,Analyzed,CWE-287,2026-09-10T23:40:04.178604Z,3.1,nvd@nist.gov,8.4,HIGH,LOCAL,LOW,NONE,NONE,HIGH,HIGH,HIGH,,,,,,,,,,,0,
CVE-2025-21124,2025-02-11 17:15:23.950000+00:00,2026-06-17 08:42:38.187000+00:00,Analyzed,CWE-125,2026-09-10T23:40:04.178604Z,3.1,psirt@adobe.com,5.5,MEDIUM,LOCAL,LOW,NONE,REQUIRED,HIGH,NONE,NONE,,,,,,,,,,,0,
CVE-2025-21163,2025-02-11 18:15:28.747000+00:00,2026-06-17 08:42:40.877000+00:00,Analyzed,CWE-787,2026-09-10T23:40:04.178604Z,3.1,psirt@adobe.com,7.8,HIGH,LOCAL,LOW,NONE,REQUIRED,HIGH,HIGH,HIGH,,,,,,,,,,,0,
CVE-2025-21179,2025-02-11 18:15:29.343000+00:00,2026-06-17 08:42:42.643000+00:00,Analyzed,CWE-125,2026-09-10T23:40:04.178604Z,3.1,secure@microsoft.com,4.8,MEDIUM,ADJACENT_NETWORK,HIGH,NONE,REQUIRED,NONE,NONE,HIGH,,,,,,,,,,,0,
CVE-2025-21184,2025-02-11 18:15:30.180000+00:00,2026-06-17 08:42:43.363000+00:00,Analyzed,CWE-122,2026-09-10T23:40:04.178604Z,3.1,secure@microsoft.com,7.0,HIGH,LOCAL,HIGH,LOW,NONE,HIGH,HIGH,HIGH,,,,,,,,,,,0,
CVE-2025-21194,2025-02-11 18:15:30.820000+00:00,2026-06-17 08:42:44.643000+00:00,Analyzed,CWE-20,2026-09-10T23:40:04.178604Z,3.1,secure@microsoft.com,7.1,HIGH,ADJACENT_NETWORK,HIGH,NONE,REQUIRED,HIGH,HIGH,HIGH,,,,,,,,,,,0,
CVE-2025-21350,2025-02-11 18:15:33.903000+00:00,2026-06-17 08:43:10.143000+00:00,Analyzed,CWE-20,2026-09-10T23:40:04.178604Z,3.1,secure@microsoft.com,5.9,MEDIUM,NETWORK,HIGH,NONE,NONE,NONE,NONE,HIGH,,,,,,,,,,,0,
CVE-2025-21358,2025-02-11 18:15:34.550000+00:00,2026-06-17 08:43:11.223000+00:00,Analyzed,CWE-822,2026-09-10T23:40:04.178604Z,3.1,secure@microsoft.com,7.8,HIGH,LOCAL,LOW,LOW,NONE,HIGH,HIGH,HIGH,,,,,,,,,,,0,
CVE-2025-21375,2025-02-11 18:15:35.947000+00:00,2026-06-17 08:43:13.683000+00:00,Analyzed,CWE-20,2026-09-10T23:40:04.178604Z,3.1,secure@microsoft.com,7.8,HIGH,LOCAL,LOW,LOW,NONE,HIGH,HIGH,HIGH,,,,,,,,,,,0,
CVE-2025-21379,2025-02-11 18:15:36.590000+00:00,2026-06-17 08:43:14.430000+00:00,Analyzed,CWE-416,2026-09-10T23:40:04.178604Z,3.1,secure@microsoft.com,7.1,HIGH,ADJACENT_NETWORK,HIGH,NONE,REQUIRED,HIGH,HIGH,HIGH,,,,,,,,,,,0,
CVE-2025-24042,2025-02-11 18:15:41.117000+00:00,2026-06-17 08:57:56.330000+00:00,Analyzed,CWE-284,2026-09-10T23:40:04.178604Z,3.1,secure@microsoft.com,7.3,HIGH,LOCAL,LOW,LOW,REQUIRED,HIGH,HIGH,HIGH,,,,,,,,,,,0,
CVE-2025-24413,2025-02-11 18:15:42.623000+00:00,2026-06-17 08:58:59.467000+00:00,Analyzed,CWE-79,2026-09-10T23:40:04.178604Z,3.1,nvd@nist.gov,8.7,HIGH,NETWORK,LOW,LOW,REQUIRED,HIGH,HIGH,NONE,,,,,,,,,,,0,
CVE-2025-24428,2025-02-11 18:15:45.423000+00:00,2026-06-17 08:59:01.230000+00:00,Analyzed,CWE-79,2026-09-10T23:40:04.178604Z,3.1,psirt@adobe.com,5.4,MEDIUM,NETWORK,LOW,LOW,REQUIRED,LOW,LOW,NONE,,,,,,,,,,,0,
CVE-2025-25202,2025-02-11 19:15:18.690000+00:00,2026-06-17 09:00:28.540000+00:00,Analyzed,CWE-269,2026-09-10T23:40:04.178604Z,4.0,security-advisories@github.com,6.3,MEDIUM,NETWORK,HIGH,NONE,NONE,,,,,,,,,,,,,,0,
CVE-2025-0906,2025-02-11 20:15:35.113000+00:00,2026-06-17 08:27:20.967000+00:00,Analyzed,CWE-125,2026-09-10T23:40:04.178604Z,3.1,nvd@nist.gov,8.8,HIGH,NETWORK,LOW,NONE,REQUIRED,HIGH,HIGH,HIGH,,,,,,,,,,,0,
CVE-2025-25528,2025-02-11 20:15:39.090000+00:00,2026-06-17 09:00:53.213000+00:00,Analyzed,CWE-120,2026-09-10T23:40:04.178604Z,3.1,134c704f-9b21-4f2e-91b3-4a467353bcc0,5.1,MEDIUM,LOCAL,LOW,NONE,NONE,LOW,LOW,NONE,,,,,,,,,,,0,
CVE-2023-20507,2025-02-11 21:15:10.620000+00:00,2026-06-17 05:30:13.417000+00:00,Deferred,CWE-190,2026-09-10T23:40:04.178604Z,3.1,psirt@amd.com,2.3,LOW,LOCAL,LOW,HIGH,NONE,NONE,LOW,NONE,,,,,,,,,,,0,
CVE-2024-0142,2025-02-12 00:15:08.423000+00:00,2026-06-17 06:52:51.763000+00:00,Deferred,CWE-787,2026-09-10T23:40:04.178604Z,3.1,psirt@nvidia.com,6.8,MEDIUM,NETWORK,HIGH,NONE,REQUIRED,NONE,HIGH,HIGH,,,,,,,,,,,0,
CVE-2024-13435,2025-02-12 10:15:10.727000+00:00,2026-06-17 07:02:00.457000+00:00,Analyzed,CWE-89,2026-09-10T23:40:04.178604Z,3.1,nvd@nist.gov,7.5,HIGH,NETWORK,LOW,NONE,NONE,HIGH,NONE,NONE,,,,,,,,,,,0,
CVE-2024-13528,2025-02-12 10:15:12.130000+00:00,2026-06-17 07:02:11.893000+00:00,Analyzed,CWE-287,2026-09-10T23:40:04.178604Z,3.1,nvd@nist.gov,7.5,HIGH,NETWORK,HIGH,LOW,NONE,HIGH,HIGH,HIGH,,,,,,,,,,,0,
CVE-2025-21699,2025-02-12 14:15:33.020000+00:00,2026-07-30 06:19:28.157000+00:00,Modified,,2026-09-10T23:40:04.178604Z,3.1,nvd@nist.gov,5.5,MEDIUM,LOCAL,LOW,LOW,NONE,NONE,NONE,HIGH,,,,,,,,,,,0,
CVE-2025-26341,2025-02-12 14:15:33.857000+00:00,2026-06-17 09:01:36.357000+00:00,Analyzed,CWE-306,2026-09-10T23:40:04.178604Z,3.1,prodsec@nozominetworks.com,9.8,CRITICAL,NETWORK,LOW,NONE,NONE,HIGH,HIGH,HIGH,,,,,,,,,,,0,
CVE-2025-26353,2025-02-12 14:15:35.587000+00:00,2026-06-17 09:01:37.647000+00:00,Analyzed,CWE-35,2026-09-10T23:40:04.178604Z,3.1,prodsec@nozominetworks.com,4.9,MEDIUM,NETWORK,LOW,HIGH,NONE,HIGH,NONE,NONE,,,,,,,,,,,0,
CVE-2025-26355,2025-02-12 14:15:35.870000+00:00,2026-06-17 09:01:37.857000+00:00,Analyzed,CWE-35,2026-09-10T23:40:04.178604Z,3.1,prodsec@nozominetworks.com,6.5,MEDIUM,NETWORK,LOW,HIGH,NONE,NONE,HIGH,HIGH,,,,,,,,,,,0,
CVE-2025-26361,2025-02-12 14:15:36.717000+00:00,2026-06-17 09:01:38.487000+00:00,Analyzed,CWE-306,2026-09-10T23:40:04.178604Z,3.1,prodsec@nozominetworks.com,9.1,CRITICAL,NETWORK,LOW,NONE,NONE,NONE,HIGH,HIGH,,,,,,,,,,,0,
CVE-2025-26364,2025-02-12 14:15:37.123000+00:00,2026-06-17 09:01:38.810000+00:00,Analyzed,CWE-306,2026-09-10T23:40:04.178604Z,3.1,prodsec@nozominetworks.com,7.5,HIGH,NETWORK,LOW,NONE,NONE,NONE,HIGH,NONE,,,,,,,,,,,0,
CVE-2024-11343,2025-02-12 16:15:39.100000+00:00,2026-06-17 06:57:34.480000+00:00,Analyzed,CWE-22,2026-09-10T23:40:04.178604Z,3.1,nvd@nist.gov,8.8,HIGH,NETWORK,LOW,LOW,NONE,HIGH,HIGH,HIGH,,,,,,,,,,,0,
CVE-2024-12629,2025-02-12 16:15:39.810000+00:00,2026-06-17 07:00:10.437000+00:00,Analyzed,CWE-1321,2026-09-10T23:40:04.178604Z,3.1,nvd@nist.gov,7.2,HIGH,NETWORK,LOW,HIGH,NONE,HIGH,HIGH,HIGH,,,,,,,,,,,0,
CVE-2025-1209,2025-02-12 17:15:23.497000+00:00,2026-06-17 08:38:36.407000+00:00,Analyzed,CWE-79,2026-09-10T23:40:04.178604Z,4.0,cna@vuldb.com,5.1,MEDIUM,NETWORK,LOW,LOW,PASSIVE,,,,,,,,,,,,,,0,
CVE-2025-1210,2025-02-12 17:15:23.673000+00:00,2026-06-17 08:38:36.540000+00:00,Analyzed,CWE-89,2026-09-10T23:40:04.178604Z,4.0,cna@vuldb.com,5.3,MEDIUM,NETWORK,LOW,LOW,NONE,,,,,,,,,,,,,,0,
CVE-2024-6097,2025-02-12 18:15:21.977000+00:00,2026-06-17 08:17:16.757000+00:00,Analyzed,CWE-22,2026-09-10T23:40:04.178604Z,3.1,nvd@nist.gov,5.3,MEDIUM,NETWORK,LOW,NONE,NONE,LOW,NONE,NONE,,,,,,,,,,,0,
CVE-2025-1213,2025-02-12 18:15:22.180000+00:00,2026-06-17 08:38:36.903000+00:00,Analyzed,CWE-79,2026-09-10T23:40:04.178604Z,4.0,cna@vuldb.com,5.1,MEDIUM,NETWORK,LOW,LOW,PASSIVE,,,,,,,,,,,,,,0,
CVE-2025-1215,2025-02-12 19:15:10.230000+00:00,2026-06-17 08:38:37.180000+00:00,Analyzed,CWE-119,2026-09-10T23:40:04.178604Z,4.0,cna@vuldb.com,2.4,LOW,LOCAL,LOW,LOW,PASSIVE,,,,,,,,,,,,,,0,
CVE-2025-25205,2025-02-12 19:15:21.717000+00:00,2026-06-17 09:00:28.913000+00:00,Analyzed,CWE-202,2026-09-10T23:40:04.178604Z,3.1,security-advisories@github.com,8.2,HIGH,NETWORK,LOW,NONE,NONE,LOW,NONE,HIGH,,,,,,,,,,,0,
CVE-2024-12673,2025-02-12 21:15:12.697000+00:00,2026-06-17 07:00:15.773000+00:00,Deferred,CWE-250,2026-09-10T23:40:04.178604Z,4.0,psirt@lenovo.com,8.5,HIGH,LOCAL,LOW,LOW,NONE,,,,,,,,,,,,,,0,
CVE-2025-0108,2025-02-12 21:15:16.290000+00:00,2026-06-17 08:25:50.317000+00:00,Analyzed,CWE-306,2026-09-10T23:40:04.178604Z,4.0,psirt@paloaltonetworks.com,8.8,HIGH,NETWORK,LOW,NONE,NONE,,,,Palo Alto Networks,PAN-OS,Palo Alto Networks PAN-OS Authentication Bypass Vulnerability,2025-02-18 00:00:00+00:00,Palo Alto Networks PAN-OS contains an authentication bypass vulnerability in its management web interface. This vulnerability allows an unauthenticated attacker with network access to the management web interface to bypass the authentication normally required and invoke certain PHP scripts.,Apply mitigations per vendor instructions or discontinue use of the product if mitigations are unavailable.,2025-03-11 00:00:00+00:00,Unknown,https://security.paloaltonetworks.com/CVE-2025-0108 ; https://nvd.nist.gov/vuln/detail/CVE-2025-0108,2026-09-10T23:41:28.378199Z,1,5.114394791666667
CVE-2023-49603,2025-02-12 22:15:30.623000+00:00,2026-06-17 06:36:13.610000+00:00,Deferred,CWE-362,2026-09-10T23:40:04.178604Z,4.0,secure@intel.com,8.7,HIGH,LOCAL,LOW,HIGH,NONE,,,,,,,,,,,,,,0,
CVE-2023-49615,2025-02-12 22:15:30.773000+00:00,2026-06-17 06:36:14.400000+00:00,Deferred,CWE-20,2026-09-10T23:40:04.178604Z,4.0,secure@intel.com,8.7,HIGH,LOCAL,LOW,HIGH,NONE,,,,,,,,,,,,,,0,
CVE-2024-29214,2025-02-12 22:15:32.283000+00:00,2026-06-17 07:22:38.580000+00:00,Deferred,CWE-20,2026-09-10T23:40:04.178604Z,4.0,secure@intel.com,8.7,HIGH,LOCAL,HIGH,HIGH,NONE,,,,,,,,,,,,,,0,
CVE-2024-29223,2025-02-12 22:15:32.433000+00:00,2026-06-17 07:22:39.763000+00:00,Analyzed,CWE-427,2026-09-10T23:40:04.178604Z,4.0,secure@intel.com,5.4,MEDIUM,LOCAL,HIGH,LOW,ACTIVE,,,,,,,,,,,,,,0,
CVE-2024-31858,2025-02-12 22:15:33.340000+00:00,2026-06-17 07:28:50.873000+00:00,Analyzed,CWE-787,2026-09-10T23:40:04.178604Z,4.0,secure@intel.com,7.3,HIGH,LOCAL,LOW,LOW,NONE,,,,,,,,,,,,,,0,
CVE-2024-32938,2025-02-12 22:15:33.490000+00:00,2026-06-17 07:30:44.187000+00:00,Deferred,CWE-427,2026-09-10T23:40:04.178604Z,4.0,secure@intel.com,5.4,MEDIUM,LOCAL,HIGH,LOW,ACTIVE,,,,,,,,,,,,,,0,
CVE-2024-36285,2025-02-12 22:15:34.737000+00:00,2026-06-17 07:36:26.357000+00:00,Deferred,CWE-362,2026-09-10T23:40:04.178604Z,4.0,secure@intel.com,5.7,MEDIUM,LOCAL,HIGH,LOW,NONE,,,,,,,,,,,,,,0,
CVE-2024-39284,2025-02-12 22:15:36.083000+00:00,2026-06-17 07:41:38.527000+00:00,Analyzed,CWE-427,2026-09-10T23:40:04.178604Z,4.0,secure@intel.com,5.4,MEDIUM,LOCAL,HIGH,LOW,ACTIVE,,,,,,,,,,,,,,0,
CVE-2024-46922,2025-02-12 22:15:39.230000+00:00,2026-06-17 07:56:12.633000+00:00,Analyzed,CWE-476,2026-09-10T23:40:04.178604Z,3.1,134c704f-9b21-4f2e-91b3-4a467353bcc0,7.5,HIGH,NETWORK,LOW,NONE,NONE,NONE,NONE,HIGH,,,,,,,,,,,0,
CVE-2024-47006,2025-02-12 22:15:39.453000+00:00,2026-06-17 07:56:21.647000+00:00,Deferred,CWE-427,2026-09-10T23:40:04.178604Z,4.0,secure@intel.com,5.4,MEDIUM,LOCAL,HIGH,LOW,ACTIVE,,,,,,,,,,,,,,0,
CVE-2024-51122,2025-02-12 22:15:39.603000+00:00,2026-06-17 08:05:25.463000+00:00,Deferred,CWE-79,2026-09-10T23:40:04.178604Z,3.1,134c704f-9b21-4f2e-91b3-4a467353bcc0,6.1,MEDIUM,NETWORK,LOW,NONE,REQUIRED,LOW,LOW,NONE,,,,,,,,,,,0,
CVE-2024-56938,2025-02-12 22:15:40.430000+00:00,2026-06-17 08:13:05.447000+00:00,Analyzed,CWE-79,2026-09-10T23:40:04.178604Z,3.1,nvd@nist.gov,5.4,MEDIUM,NETWORK,LOW,LOW,REQUIRED,LOW,LOW,NONE,,,,,,,,,,,0,
CVE-2025-1229,2025-02-12 22:15:41.667000+00:00,2026-06-17 08:38:38.837000+00:00,Deferred,CWE-77,2026-09-10T23:40:04.178604Z,4.0,cna@vuldb.com,5.3,MEDIUM,NETWORK,LOW,LOW,NONE,,,,,,,,,,,,,,0,
CVE-2025-0692,2025-02-13 06:15:21.353000+00:00,2026-06-17 08:26:58.893000+00:00,Analyzed,CWE-79,2026-09-10T23:40:04.178604Z,3.1,134c704f-9b21-4f2e-91b3-4a467353bcc0,3.5,LOW,NETWORK,LOW,HIGH,REQUIRED,LOW,LOW,NONE,,,,,,,,,,,0,
CVE-2025-26547,2025-02-13 14:16:20.347000+00:00,2026-06-17 09:02:00.243000+00:00,Deferred,CWE-352,2026-09-10T23:40:04.178604Z,3.1,audit@patchstack.com,7.1,HIGH,NETWORK,LOW,NONE,REQUIRED,LOW,LOW,LOW,,,,,,,,,,,0,
CVE-2025-26552,2025-02-13 14:16:21.787000+00:00,2026-06-17 09:02:00.730000+00:00,Deferred,CWE-79,2026-09-10T23:40:04.178604Z,3.1,audit@patchstack.com,7.1,HIGH,NETWORK,LOW,NONE,REQUIRED,LOW,LOW,LOW,,,,,,,,,,,0,
CVE-2025-22480,2025-02-13 16:16:48.777000+00:00,2026-06-17 08:47:40.600000+00:00,Analyzed,CWE-59,2026-09-10T23:40:04.178604Z,3.1,nvd@nist.gov,7.8,HIGH,LOCAL,LOW,LOW,NONE,HIGH,HIGH,HIGH,,,,,,,,,,,0,
CVE-2025-25356,2025-02-13 16:16:49.613000+00:00,2026-06-17 09:00:41.950000+00:00,Analyzed,CWE-89,2026-09-10T23:40:04.178604Z,3.1,nvd@nist.gov,7.2,HIGH,NETWORK,LOW,HIGH,NONE,HIGH,HIGH,HIGH,,,,,,,,,,,0,
CVE-2025-25897,2025-02-13 16:16:49.790000+00:00,2026-06-17 09:01:16.753000+00:00,Modified,CWE-787,2026-09-10T23:40:04.178604Z,3.1,nvd@nist.gov,7.5,HIGH,NETWORK,LOW,NONE,NONE,NONE,NONE,HIGH,,,,,,,,,,,0,
CVE-2025-23411,2025-02-13 22:15:11.913000+00:00,2026-06-17 08:54:09.123000+00:00,Analyzed,CWE-352,2026-09-10T23:40:04.178604Z,4.0,ics-cert@hq.dhs.gov,5.1,MEDIUM,NETWORK,LOW,NONE,ACTIVE,,,,,,,,,,,,,,0,
CVE-2024-53310,2025-02-13 23:15:10.493000+00:00,2026-06-17 08:08:47.600000+00:00,Deferred,CWE-122,2026-09-10T23:40:04.178604Z,3.1,134c704f-9b21-4f2e-91b3-4a467353bcc0,5.5,MEDIUM,NETWORK,LOW,LOW,REQUIRED,LOW,LOW,LOW,,,,,,,,,,,0,
CVE-2024-2240,2025-02-14 05:15:11.550000+00:00,2026-06-17 07:24:06.587000+00:00,Analyzed,CWE-250,2026-09-10T23:40:04.178604Z,4.0,sirt@brocade.com,8.6,HIGH,NETWORK,LOW,HIGH,NONE,,,,,,,,,,,,,,0,
CVE-2025-26791,2025-02-14 09:15:08.067000+00:00,2026-06-17 09:02:26.640000+00:00,Analyzed,CWE-79,2026-09-10T23:40:04.178604Z,3.1,nvd@nist.gov,6.1,MEDIUM,NETWORK,LOW,NONE,REQUIRED,LOW,LOW,NONE,,,,,,,,,,,0,
CVE-2025-0821,2025-02-14 11:15:10.230000+00:00,2026-06-17 08:27:12.140000+00:00,Analyzed,CWE-89,2026-09-10T23:40:04.178604Z,3.1,nvd@nist.gov,6.5,MEDIUM,NETWORK,LOW,LOW,NONE,HIGH,NONE,NONE,,,,,,,,,,,0,
CVE-2025-26524,2025-02-14 12:15:29.887000+00:00,2026-06-17 09:01:57.910000+00:00,Deferred,CWE-799,2026-09-10T23:40:04.178604Z,4.0,vdisclose@cert-in.org.in,5.1,MEDIUM,NETWORK,LOW,HIGH,NONE,,,,,,,,,,,,,,0,
CVE-2025-23534,2025-02-14 13:15:43.980000+00:00,2026-06-17 08:55:09.700000+00:00,Deferred,CWE-862,2026-09-10T23:40:04.178604Z,3.1,audit@patchstack.com,6.5,MEDIUM,NETWORK,LOW,LOW,NONE,NONE,NONE,HIGH,,,,,,,,,,,0,
CVE-2025-23790,2025-02-14 13:15:47.417000+00:00,2026-06-17 08:57:13.667000+00:00,Deferred,CWE-79,2026-09-10T23:40:04.178604Z,3.1,audit@patchstack.com,7.1,HIGH,NETWORK,LOW,NONE,REQUIRED,LOW,LOW,LOW,,,,,,,,,,,0,
CVE-2025-23857,2025-02-14 13:15:47.837000+00:00,2026-06-17 08:57:37.690000+00:00,Modified,CWE-79,2026-09-10T23:40:04.178604Z,3.1,nvd@nist.gov,6.1,MEDIUM,NETWORK,LOW,NONE,REQUIRED,LOW,LOW,NONE,,,,,,,,,,,0,
CVE-2025-24565,2025-02-14 13:15:48.540000+00:00,2026-06-17 08:59:14.270000+00:00,Deferred,CWE-79,2026-09-10T23:40:04.178604Z,3.1,audit@patchstack.com,7.1,HIGH,NETWORK,LOW,NONE,REQUIRED,LOW,LOW,LOW,,,,,,,,,,,0,
CVE-2025-25988,2025-02-14 17:15:21.157000+00:00,2026-06-17 09:01:23.047000+00:00,Analyzed,CWE-79,2026-09-10T23:40:04.178604Z,3.1,134c704f-9b21-4f2e-91b3-4a467353bcc0,4.8,MEDIUM,NETWORK,LOW,HIGH,REQUIRED,LOW,LOW,NONE,,,,,,,,,,,0,
CVE-2025-25290,2025-02-14 20:15:35.593000+00:00,2026-06-17 09:00:37.507000+00:00,Deferred,CWE-1333,2026-09-10T23:40:04.178604Z,3.1,security-advisories@github.com,5.3,MEDIUM,NETWORK,LOW,NONE,NONE,NONE,NONE,LOW,,,,,,,,,,,0,
CVE-2025-25296,2025-02-14 20:15:36.103000+00:00,2026-06-17 09:00:38.237000+00:00,Analyzed,CWE-79,2026-09-10T23:40:04.178604Z,3.1,security-advisories@github.com,6.1,MEDIUM,NETWORK,LOW,NONE,REQUIRED,LOW,LOW,NONE,,,,,,,,,,,0,
CVE-2025-0592,2025-02-14 21:15:16.543000+00:00,2026-06-17 08:26:46.620000+00:00,Deferred,CWE-924,2026-09-10T23:40:04.178604Z,3.1,psirt@sick.de,8.8,HIGH,NETWORK,LOW,LOW,NONE,HIGH,HIGH,HIGH,,,,,,,,,,,0,
CVE-2024-4282,2025-02-15 00:15:13.370000+00:00,2026-06-17 08:01:35.640000+00:00,Analyzed,CWE-327,2026-09-10T23:40:04.178604Z,4.0,sirt@brocade.com,8.2,HIGH,NETWORK,LOW,NONE,NONE,,,,,,,,,,,,,,0,
CVE-2025-0997,2025-02-15 02:15:09.377000+00:00,2026-06-17 08:27:29.613000+00:00,Analyzed,CWE-416,2026-09-10T23:40:04.178604Z,3.1,134c704f-9b21-4f2e-91b3-4a467353bcc0,8.1,HIGH,NETWORK,LOW,NONE,REQUIRED,HIGH,HIGH,NONE,,,,,,,,,,,0,
CVE-2025-1355,2025-02-16 17:15:07.973000+00:00,2026-06-17 08:38:58.250000+00:00,Analyzed,CWE-434,2026-09-10T23:40:04.178604Z,4.0,cna@vuldb.com,6.9,MEDIUM,NETWORK,LOW,NONE,NONE,,,,,,,,,,,,,,0,
CVE-2025-26767,2025-02-16 23:15:11.350000+00:00,2026-06-17 09:02:23.997000+00:00,Modified,CWE-79,2026-09-10T23:40:04.178604Z,3.1,nvd@nist.gov,5.4,MEDIUM,NETWORK,LOW,LOW,REQUIRED,LOW,LOW,NONE,,,,,,,,,,,0,
CVE-2025-26769,2025-02-17 12:15:28.550000+00:00,2026-06-17 09:02:24.203000+00:00,Deferred,CWE-79,2026-09-10T23:40:04.178604Z,3.1,audit@patchstack.com,6.5,MEDIUM,NETWORK,LOW,LOW,REQUIRED,LOW,LOW,LOW,,,,,,,,,,,0,
CVE-2024-25066,2025-02-17 21:15:10.993000+00:00,2026-06-17 07:15:26.647000+00:00,Deferred,CWE-611,2026-09-10T23:40:04.178604Z,3.1,cve@mitre.org,4.3,MEDIUM,NETWORK,LOW,LOW,NONE,NONE,LOW,NONE,,,,,,,,,,,0,
CVE-2025-20075,2025-02-18 00:15:21.107000+00:00,2026-06-17 08:40:37.937000+00:00,Deferred,CWE-918,2026-09-10T23:40:04.178604Z,3.0,vultures@jpcert.or.jp,7.2,HIGH,NETWORK,LOW,NONE,NONE,LOW,NONE,LOW,,,,,,,,,,,0,
CVE-2024-13538,2025-02-18 05:15:13.127000+00:00,2026-06-17 07:02:13.050000+00:00,Modified,CWE-22,2026-09-10T23:40:04.178604Z,3.1,security@wordfence.com,5.3,MEDIUM,NETWORK,LOW,NONE,NONE,LOW,NONE,NONE,,,,,,,,,,,0,
CVE-2024-13622,2025-02-18 05:15:17.557000+00:00,2026-06-17 07:02:23.507000+00:00,Modified,CWE-200,2026-09-10T23:40:04.178604Z,3.1,security@wordfence.com,7.5,HIGH,NETWORK,LOW,NONE,NONE,HIGH,NONE,NONE,,,,,,,,,,,0,
CVE-2024-57964,2025-02-18 07:15:08.920000+00:00,2026-06-17 08:14:19.993000+00:00,Deferred,CWE-427,2026-09-10T23:40:04.178604Z,3.1,hirt@hitachi.co.jp,7.3,HIGH,LOCAL,LOW,LOW,REQUIRED,HIGH,HIGH,HIGH,,,,,,,,,,,0,
CVE-2024-13704,2025-02-18 08:15:09.820000+00:00,2026-06-17 07:02:34.527000+00:00,Analyzed,CWE-79,2026-09-10T23:40:04.178604Z,3.1,nvd@nist.gov,6.1,MEDIUM,NETWORK,LOW,NONE,REQUIRED,LOW,LOW,NONE,,,,,,,,,,,0,
CVE-2024-39327,2025-02-18 17:15:18.440000+00:00,2026-06-17 07:41:43.413000+00:00,Deferred,CWE-284,2026-09-10T23:40:04.178604Z,3.1,cve@mitre.org,9.9,CRITICAL,NETWORK,LOW,LOW,NONE,HIGH,HIGH,HIGH,,,,,,,,,,,0,
CVE-2024-49589,2025-02-18 18:15:25.300000+00:00,2026-06-17 08:00:00.953000+00:00,Deferred,CWE-770,2026-09-10T23:40:04.178604Z,3.1,cve-coordination@palantir.com,6.5,MEDIUM,NETWORK,LOW,LOW,NONE,NONE,NONE,HIGH,,,,,,,,,,,0,
CVE-2024-45783,2025-02-18 20:15:19.560000+00:00,2026-06-29 23:16:41.793000+00:00,Deferred,CWE-911,2026-09-10T23:40:04.178604Z,3.1,secalert@redhat.com,4.4,MEDIUM,LOCAL,LOW,HIGH,NONE,NONE,NONE,HIGH,,,,,,,,,,,0,
CVE-2025-26617,2025-02-18 21:15:30.137000+00:00,2026-06-17 09:02:08.290000+00:00,Analyzed,CWE-89,2026-09-10T23:40:04.178604Z,4.0,security-advisories@github.com,10.0,CRITICAL,NETWORK,LOW,NONE,NONE,,,,,,,,,,,,,,0,
CVE-2024-57256,2025-02-18 23:15:09.710000+00:00,2026-06-17 08:13:28.053000+00:00,Modified,CWE-190,2026-09-10T23:40:04.178604Z,3.1,nvd@nist.gov,6.8,MEDIUM,PHYSICAL,LOW,NONE,NONE,HIGH,HIGH,HIGH,,,,,,,,,,,0,
CVE-2025-25472,2025-02-18 23:15:10.453000+00:00,2026-06-17 09:00:49.027000+00:00,Analyzed,CWE-120,2026-09-10T23:40:04.178604Z,3.1,134c704f-9b21-4f2e-91b3-4a467353bcc0,5.3,MEDIUM,NETWORK,LOW,NONE,NONE,NONE,LOW,NONE,,,,,,,,,,,0,
CVE-2025-1447,2025-02-19 01:15:09.407000+00:00,2026-06-17 08:39:09.070000+00:00,Deferred,CWE-918,2026-09-10T23:40:04.178604Z,4.0,cna@vuldb.com,5.3,MEDIUM,NETWORK,LOW,LOW,NONE,,,,,,,,,,,,,,0,
CVE-2025-22622,2025-02-19 04:15:10.550000+00:00,2026-06-17 08:48:47.147000+00:00,Deferred,CWE-79,2026-09-10T23:40:04.178604Z,3.1,help@fluidattacks.com,4.3,MEDIUM,NETWORK,LOW,NONE,REQUIRED,NONE,LOW,NONE,,,,,,,,,,,0,
CVE-2024-13676,2025-02-19 08:15:19.190000+00:00,2026-06-17 07:02:30.883000+00:00,Deferred,CWE-89,2026-09-10T23:40:04.178604Z,3.1,security@wordfence.com,6.5,MEDIUM,NETWORK,LOW,LOW,NONE,HIGH,NONE,NONE,,,,,,,,,,,0,
CVE-2024-13719,2025-02-19 08:15:20.737000+00:00,2026-06-17 07:02:36.250000+00:00,Modified,CWE-862,2026-09-10T23:40:04.178604Z,3.1,nvd@nist.gov,5.3,MEDIUM,NETWORK,LOW,NONE,NONE,LOW,NONE,NONE,,,,,,,,,,,0,
CVE-2024-13336,2025-02-19 09:15:09.083000+00:00,2026-06-17 07:01:48.543000+00:00,Analyzed,CWE-352,2026-09-10T23:40:04.178604Z,3.1,nvd@nist.gov,4.3,MEDIUM,NETWORK,LOW,NONE,REQUIRED,NONE,LOW,NONE,,,,,,,,,,,0,
CVE-2024-13339,2025-02-19 09:15:09.240000+00:00,2026-06-17 07:01:48.900000+00:00,Modified,CWE-352,2026-09-10T23:40:04.178604Z,3.1,nvd@nist.gov,5.4,MEDIUM,NETWORK,LOW,NONE,REQUIRED,LOW,LOW,NONE,,,,,,,,,,,0,
CVE-2024-13364,2025-02-19 09:15:09.547000+00:00,2026-06-17 07:01:52.290000+00:00,Modified,CWE-862,2026-09-10T23:40:04.178604Z,3.1,security@wordfence.com,5.3,MEDIUM,NETWORK,LOW,NONE,NONE,NONE,LOW,NONE,,,,,,,,,,,0,
CVE-2025-1135,2025-02-19 09:15:10.823000+00:00,2026-06-17 08:38:26.707000+00:00,Analyzed,CWE-89,2026-09-10T23:40:04.178604Z,4.0,b7efe717-a805-47cf-8e9a-921fca0ce0ce,9.3,CRITICAL,NETWORK,LOW,HIGH,NONE,,,,,,,,,,,,,,0,
CVE-2024-13483,2025-02-19 12:15:30.900000+00:00,2026-06-17 07:02:06.280000+00:00,Analyzed,CWE-89,2026-09-10T23:40:04.178604Z,3.1,security@wordfence.com,7.5,HIGH,NETWORK,LOW,NONE,NONE,HIGH,NONE,NONE,,,,,,,,,,,0,
CVE-2024-13485,2025-02-19 12:15:31.047000+00:00,2026-06-17 07:02:06.590000+00:00,Analyzed,CWE-89,2026-09-10T23:40:04.178604Z,3.1,security@wordfence.com,7.5,HIGH,NETWORK,LOW,NONE,NONE,HIGH,NONE,NONE,,,,,,,,,,,0,
CVE-2024-28777,2025-02-19 16:15:39.363000+00:00,2026-06-17 07:21:46.860000+00:00,Analyzed,CWE-502,2026-09-10T23:40:04.178604Z,3.1,psirt@us.ibm.com,8.8,HIGH,NETWORK,LOW,LOW,NONE,HIGH,HIGH,HIGH,,,,,,,,,,,0,
CVE-2025-1006,2025-02-19 17:15:15.050000+00:00,2026-06-17 08:38:12.640000+00:00,Analyzed,CWE-416,2026-09-10T23:40:04.178604Z,3.1,134c704f-9b21-4f2e-91b3-4a467353bcc0,8.8,HIGH,NETWORK,LOW,NONE,REQUIRED,HIGH,HIGH,HIGH,,,,,,,,,,,0,
CVE-2025-0893,2025-02-19 18:15:24.127000+00:00,2026-06-17 08:27:19.677000+00:00,Deferred,CWE-269,2026-09-10T23:40:04.178604Z,3.1,secure@symantec.com,7.8,HIGH,LOCAL,LOW,LOW,NONE,HIGH,HIGH,HIGH,,,,,,,,,,,0,
CVE-2024-37363,2025-02-20 00:15:19.750000+00:00,2026-06-17 07:38:13.547000+00:00,Deferred,CWE-862,2026-09-10T23:40:04.178604Z,3.1,security.vulnerabilities@hitachivantara.com,6.5,MEDIUM,NETWORK,LOW,LOW,NONE,HIGH,NONE,NONE,,,,,,,,,,,0,
CVE-2025-1223,2025-02-20 01:15:09.837000+00:00,2026-06-17 08:38:38.063000+00:00,Analyzed,CWE-427,2026-09-10T23:40:04.178604Z,4.0,secure@citrix.com,5.9,MEDIUM,LOCAL,LOW,LOW,NONE,,,,,,,,,,,,,,0,
CVE-2023-51308,2025-02-20 15:15:11.793000+00:00,2026-06-17 06:40:40.580000+00:00,Modified,CWE-80,2026-09-10T23:40:04.178604Z,3.1,134c704f-9b21-4f2e-91b3-4a467353bcc0,6.1,MEDIUM,NETWORK,LOW,NONE,REQUIRED,LOW,LOW,NONE,,,,,,,,,,,0,
CVE-2025-25674,2025-02-20 23:15:12.767000+00:00,2026-06-17 09:01:00.450000+00:00,Analyzed,CWE-120,2026-09-10T23:40:04.178604Z,3.1,nvd@nist.gov,9.8,CRITICAL,NETWORK,LOW,NONE,NONE,HIGH,HIGH,HIGH,,,,,,,,,,,0,
CVE-2025-25676,2025-02-20 23:15:12.977000+00:00,2026-06-17 09:01:00.760000+00:00,Analyzed,CWE-120,2026-09-10T23:40:04.178604Z,3.1,134c704f-9b21-4f2e-91b3-4a467353bcc0,9.8,CRITICAL,NETWORK,LOW,NONE,NONE,HIGH,HIGH,HIGH,,,,,,,,,,,0,
CVE-2024-13388,2025-02-21 04:15:09.353000+00:00,2026-06-17 07:01:55.193000+00:00,Analyzed,CWE-79,2026-09-10T23:40:04.178604Z,3.1,nvd@nist.gov,5.4,MEDIUM,NETWORK,LOW,LOW,REQUIRED,LOW,LOW,NONE,,,,,,,,,,,0,
CVE-2024-13585,2025-02-21 06:15:20.557000+00:00,2026-06-17 07:02:18.817000+00:00,Analyzed,CWE-79,2026-09-10T23:40:04.178604Z,3.1,134c704f-9b21-4f2e-91b3-4a467353bcc0,3.5,LOW,NETWORK,LOW,HIGH,REQUIRED,LOW,LOW,NONE,,,,,,,,,,,0,
CVE-2025-0727,2025-02-21 09:15:09.010000+00:00,2026-06-17 08:27:03.133000+00:00,Analyzed,CWE-191,2026-09-10T23:40:04.178604Z,4.0,emo@eclipse.org,5.3,MEDIUM,NETWORK,LOW,LOW,NONE,,,,,,,,,,,,,,0,
CVE-2025-25510,2025-02-21 17:15:14.567000+00:00,2026-06-17 09:00:50.970000+00:00,Analyzed,CWE-120,2026-09-10T23:40:04.178604Z,3.1,134c704f-9b21-4f2e-91b3-4a467353bcc0,6.5,MEDIUM,NETWORK,LOW,NONE,NONE,LOW,LOW,NONE,,,,,,,,,,,0,
CVE-2025-25878,2025-02-21 18:16:13.547000+00:00,2026-06-17 09:01:15.673000+00:00,Analyzed,CWE-89,2026-09-10T23:40:04.178604Z,3.1,134c704f-9b21-4f2e-91b3-4a467353bcc0,3.8,LOW,NETWORK,LOW,HIGH,NONE,LOW,LOW,NONE,,,,,,,,,,,0,
CVE-2025-25767,2025-02-21 19:15:14.253000+00:00,2026-06-17 09:01:10.400000+00:00,Analyzed,CWE-266,2026-09-10T23:40:04.178604Z,3.1,134c704f-9b21-4f2e-91b3-4a467353bcc0,4.8,MEDIUM,NETWORK,HIGH,NONE,NONE,LOW,LOW,NONE,,,,,,,,,,,0,
CVE-2025-25768,2025-02-21 19:15:14.363000+00:00,2026-06-17 09:01:10.553000+00:00,Analyzed,CWE-77,2026-09-10T23:40:04.178604Z,3.1,134c704f-9b21-4f2e-91b3-4a467353bcc0,5.4,MEDIUM,ADJACENT_NETWORK,LOW,NONE,NONE,LOW,LOW,NONE,,,,,,,,,,,0,
CVE-2019-8900,2025-02-21 22:15:10.393000+00:00,2026-06-17 02:42:45.217000+00:00,Analyzed,CWE-94,2026-09-10T23:40:04.178604Z,3.1,134c704f-9b21-4f2e-91b3-4a467353bcc0,6.8,MEDIUM,PHYSICAL,LOW,NONE,NONE,HIGH,HIGH,HIGH,,,,,,,,,,,0,
CVE-2025-27108,2025-02-21 22:15:14.170000+00:00,2026-06-17 09:03:02.953000+00:00,Analyzed,CWE-79,2026-09-10T23:40:04.178604Z,3.1,nvd@nist.gov,6.1,MEDIUM,NETWORK,LOW,NONE,REQUIRED,LOW,LOW,NONE,,,,,,,,,,,0,
CVE-2024-13564,2025-02-22 09:15:23.687000+00:00,2026-06-17 07:02:16.157000+00:00,Analyzed,CWE-79,2026-09-10T23:40:04.178604Z,3.1,nvd@nist.gov,5.4,MEDIUM,NETWORK,LOW,LOW,REQUIRED,LOW,LOW,NONE,,,,,,,,,,,0,
CVE-2024-13869,2025-02-22 13:15:10.920000+00:00,2026-06-17 07:02:53.217000+00:00,Analyzed,CWE-434,2026-09-10T23:40:04.178604Z,3.1,security@wordfence.com,7.2,HIGH,NETWORK,LOW,HIGH,NONE,HIGH,HIGH,HIGH,,,,,,,,,,,0,
CVE-2025-1577,2025-02-23 07:15:08.970000+00:00,2026-06-17 08:39:23.633000+00:00,Analyzed,CWE-79,2026-09-10T23:40:04.178604Z,4.0,cna@vuldb.com,5.1,MEDIUM,NETWORK,LOW,LOW,PASSIVE,,,,,,,,,,,,,,0,
CVE-2025-1585,2025-02-23 14:15:09.110000+00:00,2026-06-17 08:39:24.863000+00:00,Analyzed,CWE-79,2026-09-10T23:40:04.178604Z,4.0,cna@vuldb.com,4.8,MEDIUM,NETWORK,LOW,HIGH,PASSIVE,,,,,,,,,,,,,,0,
CVE-2025-1590,2025-02-23 19:15:08.780000+00:00,2026-06-17 08:39:25.543000+00:00,Analyzed,CWE-284,2026-09-10T23:40:04.178604Z,4.0,cna@vuldb.com,5.1,MEDIUM,NETWORK,LOW,HIGH,NONE,,,,,,,,,,,,,,0,
CVE-2025-1618,2025-02-24 05:15:10.980000+00:00,2026-06-17 08:39:28.540000+00:00,Analyzed,CWE-79,2026-09-10T23:40:04.178604Z,4.0,cna@vuldb.com,5.3,MEDIUM,NETWORK,LOW,NONE,PASSIVE,,,,,,,,,,,,,,0,
CVE-2024-12308,2025-02-24 06:15:10.977000+00:00,2026-06-17 06:59:28.343000+00:00,Analyzed,CWE-79,2026-09-10T23:40:04.178604Z,3.1,134c704f-9b21-4f2e-91b3-4a467353bcc0,5.4,MEDIUM,NETWORK,LOW,LOW,REQUIRED,LOW,LOW,NONE,,,,,,,,,,,0,
CVE-2025-27265,2025-02-24 15:15:14.310000+00:00,2026-06-17 09:03:18.330000+00:00,Deferred,CWE-79,2026-09-10T23:40:04.178604Z,3.1,audit@patchstack.com,6.5,MEDIUM,NETWORK,LOW,LOW,REQUIRED,LOW,LOW,LOW,,,,,,,,,,,0,
CVE-2025-27303,2025-02-24 15:15:16.123000+00:00,2026-06-17 09:03:22.007000+00:00,Deferred,CWE-79,2026-09-10T23:40:04.178604Z,3.1,audit@patchstack.com,5.9,MEDIUM,NETWORK,LOW,HIGH,REQUIRED,LOW,LOW,LOW,,,,,,,,,,,0,
CVE-2025-27312,2025-02-24 15:15:16.917000+00:00,2026-06-17 09:03:22.893000+00:00,Deferred,CWE-89,2026-09-10T23:40:04.178604Z,3.1,audit@patchstack.com,8.5,HIGH,NETWORK,LOW,LOW,NONE,HIGH,NONE,LOW,,,,,,,,,,,0,
CVE-2025-27323,2025-02-24 15:15:17.887000+00:00,2026-06-17 09:03:24.077000+00:00,Deferred,CWE-79,2026-09-10T23:40:04.178604Z,3.1,audit@patchstack.com,6.5,MEDIUM,NETWORK,LOW,LOW,REQUIRED,LOW,LOW,LOW,,,,,,,,,,,0,
CVE-2025-27329,2025-02-24 15:15:18.493000+00:00,2026-06-17 09:03:24.660000+00:00,Deferred,CWE-79,2026-09-10T23:40:04.178604Z,3.1,audit@patchstack.com,6.5,MEDIUM,NETWORK,LOW,LOW,REQUIRED,LOW,LOW,LOW,,,,,,,,,,,0,
CVE-2025-27340,2025-02-24 15:15:19.567000+00:00,2026-06-17 09:03:25.723000+00:00,Deferred,CWE-352,2026-09-10T23:40:04.178604Z,3.1,audit@patchstack.com,5.4,MEDIUM,NETWORK,LOW,NONE,REQUIRED,NONE,LOW,LOW,,,,,,,,,,,0,
CVE-2025-26532,2025-02-24 20:15:34.053000+00:00,2026-06-17 09:01:58.760000+00:00,Analyzed,CWE-863,2026-09-10T23:40:04.178604Z,3.1,nvd@nist.gov,4.3,MEDIUM,NETWORK,LOW,LOW,NONE,NONE,LOW,NONE,,,,,,,,,,,0,
CVE-2024-53542,2025-02-24 23:15:09.410000+00:00,2026-06-17 08:08:58.097000+00:00,Deferred,CWE-284,2026-09-10T23:40:04.178604Z,3.1,134c704f-9b21-4f2e-91b3-4a467353bcc0,6.5,MEDIUM,NETWORK,LOW,NONE,NONE,LOW,LOW,NONE,,,,,,,,,,,0,
CVE-2025-1643,2025-02-25 01:15:09.783000+00:00,2026-06-17 08:39:31.260000+00:00,Analyzed,CWE-352,2026-09-10T23:40:04.178604Z,4.0,cna@vuldb.com,5.3,MEDIUM,NETWORK,LOW,NONE,PASSIVE,,,,,,,,,,,,,,0,
CVE-2024-34035,2025-02-25 15:15:21.630000+00:00,2026-06-17 07:32:47.537000+00:00,Deferred,CWE-400,2026-09-10T23:40:04.178604Z,3.1,134c704f-9b21-4f2e-91b3-4a467353bcc0,5.7,MEDIUM,PHYSICAL,LOW,NONE,NONE,LOW,LOW,HIGH,,,,,,,,,,,0,
CVE-2025-26753,2025-02-25 15:15:23.750000+00:00,2026-06-17 09:02:22.630000+00:00,Deferred,CWE-22,2026-09-10T23:40:04.178604Z,3.1,audit@patchstack.com,7.5,HIGH,NETWORK,LOW,NONE,NONE,HIGH,NONE,NONE,,,,,,,,,,,0,
CVE-2025-26877,2025-02-25 15:15:24.380000+00:00,2026-06-17 09:02:32.010000+00:00,Modified,CWE-79,2026-09-10T23:40:04.178604Z,3.1,nvd@nist.gov,5.4,MEDIUM,NETWORK,LOW,LOW,REQUIRED,LOW,LOW,NONE,,,,,,,,,,,0,
CVE-2025-26905,2025-02-25 15:15:26.127000+00:00,2026-06-17 09:02:34.883000+00:00,Deferred,CWE-22,2026-09-10T23:40:04.178604Z,3.1,audit@patchstack.com,7.5,HIGH,NETWORK,HIGH,LOW,NONE,HIGH,HIGH,HIGH,,,,,,,,,,,0,
CVE-2025-26952,2025-02-25 15:15:28.870000+00:00,2026-06-17 09:02:39.490000+00:00,Deferred,CWE-79,2026-09-10T23:40:04.178604Z,3.1,audit@patchstack.com,6.5,MEDIUM,NETWORK,LOW,LOW,REQUIRED,LOW,LOW,LOW,,,,,,,,,,,0,
CVE-2025-26957,2025-02-25 15:15:29.010000+00:00,2026-06-17 09:02:39.970000+00:00,Deferred,CWE-98,2026-09-10T23:40:04.178604Z,3.1,audit@patchstack.com,7.5,HIGH,NETWORK,HIGH,LOW,NONE,HIGH,HIGH,HIGH,,,,,,,,,,,0,
CVE-2024-12368,2025-02-25 18:15:27.020000+00:00,2026-06-17 06:59:35.310000+00:00,Analyzed,CWE-284,2026-09-10T23:40:04.178604Z,3.1,nvd@nist.gov,8.8,HIGH,NETWORK,LOW,LOW,NONE,HIGH,HIGH,HIGH,,,,,,,,,,,0,
CVE-2024-36259,2025-02-25 19:15:14.343000+00:00,2026-06-17 07:36:23.450000+00:00,Analyzed,CWE-284,2026-09-10T23:40:04.178604Z,3.1,nvd@nist.gov,6.5,MEDIUM,NETWORK,LOW,LOW,NONE,HIGH,NONE,NONE,,,,,,,,,,,0,
CVE-2024-27239,2025-02-25 21:15:14.863000+00:00,2026-06-17 07:19:30.297000+00:00,Modified,CWE-416,2026-09-10T23:40:04.178604Z,3.1,nvd@nist.gov,6.5,MEDIUM,NETWORK,LOW,LOW,NONE,NONE,NONE,HIGH,,,,,,,,,,,0,
CVE-2024-53875,2025-02-25 21:15:16.677000+00:00,2026-06-17 08:09:27.480000+00:00,Analyzed,CWE-125,2026-09-10T23:40:04.178604Z,3.1,psirt@nvidia.com,3.3,LOW,LOCAL,LOW,NONE,REQUIRED,NONE,NONE,LOW,,,,,,,,,,,0,
CVE-2024-53877,2025-02-25 21:15:16.980000+00:00,2026-06-17 08:09:27.703000+00:00,Analyzed,CWE-476,2026-09-10T23:40:04.178604Z,3.1,psirt@nvidia.com,3.3,LOW,LOCAL,LOW,NONE,REQUIRED,NONE,NONE,LOW,,,,,,,,,,,0,
CVE-2025-25514,2025-02-25 22:15:23.900000+00:00,2026-06-17 09:00:51.277000+00:00,Analyzed,CWE-89,2026-09-10T23:40:04.178604Z,3.1,134c704f-9b21-4f2e-91b3-4a467353bcc0,6.5,MEDIUM,NETWORK,LOW,NONE,NONE,LOW,LOW,NONE,,,,,,,,,,,0,
CVE-2025-25516,2025-02-25 22:15:24.067000+00:00,2026-06-17 09:00:51.570000+00:00,Analyzed,CWE-89,2026-09-10T23:40:04.178604Z,3.1,134c704f-9b21-4f2e-91b3-4a467353bcc0,9.8,CRITICAL,NETWORK,LOW,NONE,NONE,HIGH,HIGH,HIGH,,,,,,,,,,,0,
CVE-2024-30150,2025-02-25 23:15:10.753000+00:00,2026-06-17 07:26:22.220000+00:00,Analyzed,CWE-918,2026-09-10T23:40:04.178604Z,3.1,nvd@nist.gov,9.1,CRITICAL,NETWORK,LOW,NONE,NONE,HIGH,NONE,HIGH,,,,,,,,,,,0,
CVE-2021-47633,2025-02-26 06:37:05.060000+00:00,2026-06-17 04:18:11.930000+00:00,Analyzed,CWE-125,2026-09-10T23:40:04.178604Z,3.1,nvd@nist.gov,7.1,HIGH,LOCAL,LOW,LOW,NONE,HIGH,NONE,HIGH,,,,,,,,,,,0,
CVE-2021-47646,2025-02-26 06:37:06.390000+00:00,2026-08-11 03:17:33.693000+00:00,Modified,CWE-416,2026-09-10T23:40:04.178604Z,3.1,416baaa9-dc9f-4396-8d5f-8c081fb06d67,7.8,HIGH,LOCAL,LOW,LOW,NONE,HIGH,HIGH,HIGH,,,,,,,,,,,0,
CVE-2022-49045,2025-02-26 07:00:41.790000+00:00,2025-03-02 15:15:11.130000+00:00,Rejected,,2026-09-10T23:40:04.178604Z,,,,,,,,,,,,,,,,,,,,,,0,
CVE-2022-49073,2025-02-26 07:00:44.647000+00:00,2026-08-04 10:17:33.230000+00:00,Modified,CWE-787,2026-09-10T23:40:04.178604Z,3.1,nvd@nist.gov,7.8,HIGH,LOCAL,LOW,LOW,NONE,HIGH,HIGH,HIGH,,,,,,,,,,,0,
CVE-2022-49090,2025-02-26 07:00:46.337000+00:00,2026-06-17 05:17:03.140000+00:00,Analyzed,CWE-476,2026-09-10T23:40:04.178604Z,3.1,nvd@nist.gov,5.5,MEDIUM,LOCAL,LOW,LOW,NONE,NONE,NONE,HIGH,,,,,,,,,,,0,
CVE-2022-49113,2025-02-26 07:00:48.677000+00:00,2026-06-17 05:17:06.897000+00:00,Modified,,2026-09-10T23:40:04.178604Z,3.1,nvd@nist.gov,5.5,MEDIUM,LOCAL,LOW,LOW,NONE,NONE,NONE,HIGH,,,,,,,,,,,0,
CVE-2022-49139,2025-02-26 07:00:51.133000+00:00,2026-06-17 05:17:11.753000+00:00,Modified,CWE-476,2026-09-10T23:40:04.178604Z,3.1,nvd@nist.gov,5.5,MEDIUM,LOCAL,LOW,LOW,NONE,NONE,NONE,HIGH,,,,,,,,,,,0,
CVE-2022-49154,2025-02-26 07:00:52.627000+00:00,2026-08-04 10:17:36.600000+00:00,Modified,CWE-617,2026-09-10T23:40:04.178604Z,3.1,nvd@nist.gov,5.5,MEDIUM,LOCAL,LOW,LOW,NONE,NONE,NONE,HIGH,,,,,,,,,,,0,
CVE-2022-49162,2025-02-26 07:00:53.373000+00:00,2026-08-04 10:17:37.010000+00:00,Modified,,2026-09-10T23:40:04.178604Z,3.1,nvd@nist.gov,5.5,MEDIUM,LOCAL,LOW,LOW,NONE,NONE,NONE,HIGH,,,,,,,,,,,0,
CVE-2022-49165,2025-02-26 07:00:53.653000+00:00,2026-06-17 05:17:15.473000+00:00,Analyzed,CWE-476,2026-09-10T23:40:04.178604Z,3.1,nvd@nist.gov,5.5,MEDIUM,LOCAL,LOW,LOW,NONE,NONE,NONE,HIGH,,,,,,,,,,,0,
CVE-2022-49166,2025-02-26 07:00:53.743000+00:00,2026-06-17 05:17:15.590000+00:00,Analyzed,,2026-09-10T23:40:04.178604Z,3.1,nvd@nist.gov,5.5,MEDIUM,LOCAL,LOW,LOW,NONE,NONE,NONE,HIGH,,,,,,,,,,,0,
CVE-2022-49187,2025-02-26 07:00:55.803000+00:00,2026-06-17 05:17:19.960000+00:00,Modified,CWE-476,2026-09-10T23:40:04.178604Z,3.1,nvd@nist.gov,5.5,MEDIUM,LOCAL,LOW,LOW,NONE,NONE,NONE,HIGH,,,,,,,,,,,0,
CVE-2022-49191,2025-02-26 07:00:56.183000+00:00,2026-06-17 05:17:20.523000+00:00,Analyzed,CWE-401,2026-09-10T23:40:04.178604Z,3.1,nvd@nist.gov,5.5,MEDIUM,LOCAL,LOW,LOW,NONE,NONE,NONE,HIGH,,,,,,,,,,,0,
CVE-2022-49195,2025-02-26 07:00:56.580000+00:00,2026-06-17 05:17:21.077000+00:00,Analyzed,CWE-476,2026-09-10T23:40:04.178604Z,3.1,nvd@nist.gov,5.5,MEDIUM,LOCAL,LOW,LOW,NONE,NONE,NONE,HIGH,,,,,,,,,,,0,
CVE-2022-49198,2025-02-26 07:00:56.880000+00:00,2026-06-17 05:17:21.603000+00:00,Analyzed,,2026-09-10T23:40:04.178604Z,3.1,nvd@nist.gov,5.5,MEDIUM,LOCAL,LOW,LOW,NONE,NONE,NONE,HIGH,,,,,,,,,,,0,
CVE-2022-49209,2025-02-26 07:00:58.007000+00:00,2026-06-17 05:17:23.377000+00:00,Modified,CWE-401,2026-09-10T23:40:04.178604Z,3.1,nvd@nist.gov,5.5,MEDIUM,LOCAL,LOW,LOW,NONE,NONE,NONE,HIGH,,,,,,,,,,,0,
CVE-2022-49214,2025-02-26 07:00:58.490000+00:00,2026-06-17 05:17:24.400000+00:00,Analyzed,CWE-476,2026-09-10T23:40:04.178604Z,3.1,nvd@nist.gov,5.5,MEDIUM,LOCAL,LOW,LOW,NONE,NONE,NONE,HIGH,,,,,,,,,,,0,
CVE-2022-49229,2025-02-26 07:00:59.943000+00:00,2026-06-17 05:17:26.960000+00:00,Analyzed,,2026-09-10T23:40:04.178604Z,3.1,nvd@nist.gov,5.5,MEDIUM,LOCAL,LOW,LOW,NONE,NONE,NONE,HIGH,,,,,,,,,,,0,
CVE-2022-49247,2025-02-26 07:01:01.623000+00:00,2026-06-17 05:17:30.260000+00:00,Analyzed,,2026-09-10T23:40:04.178604Z,3.1,nvd@nist.gov,5.5,MEDIUM,LOCAL,LOW,LOW,NONE,NONE,NONE,HIGH,,,,,,,,,,,0,
CVE-2022-49261,2025-02-26 07:01:03.057000+00:00,2026-08-04 10:17:41.603000+00:00,Modified,CWE-125,2026-09-10T23:40:04.178604Z,3.1,nvd@nist.gov,7.8,HIGH,LOCAL,LOW,LOW,NONE,HIGH,HIGH,HIGH,,,,,,,,,,,0,
CVE-2022-49301,2025-02-26 07:01:06.923000+00:00,2026-06-17 05:17:38.917000+00:00,Modified,CWE-908,2026-09-10T23:40:04.178604Z,3.1,nvd@nist.gov,5.5,MEDIUM,LOCAL,LOW,LOW,NONE,NONE,NONE,HIGH,,,,,,,,,,,0,
CVE-2022-49318,2025-02-26 07:01:08.660000+00:00,2026-08-15 13:17:18.803000+00:00,Modified,,2026-09-10T23:40:04.178604Z,3.1,nvd@nist.gov,5.5,MEDIUM,LOCAL,LOW,LOW,NONE,NONE,NONE,HIGH,,,,,,,,,,,0,
CVE-2022-49323,2025-02-26 07:01:09.130000+00:00,2026-06-17 05:17:42.990000+00:00,Modified,CWE-476,2026-09-10T23:40:04.178604Z,3.1,nvd@nist.gov,5.5,MEDIUM,LOCAL,LOW,LOW,NONE,NONE,NONE,HIGH,,,,,,,,,,,0,
CVE-2022-49343,2025-02-26 07:01:11.040000+00:00,2026-08-04 10:17:45.233000+00:00,Modified,,2026-09-10T23:40:04.178604Z,3.1,nvd@nist.gov,5.5,MEDIUM,LOCAL,LOW,LOW,NONE,NONE,NONE,HIGH,,,,,,,,,,,0,
CVE-2022-49365,2025-02-26 07:01:13.140000+00:00,2026-06-17 05:17:50.187000+00:00,Modified,CWE-193,2026-09-10T23:40:04.178604Z,3.1,nvd@nist.gov,5.5,MEDIUM,LOCAL,LOW,LOW,NONE,NONE,NONE,HIGH,,,,,,,,,,,0,
CVE-2022-49387,2025-02-26 07:01:15.343000+00:00,2026-06-17 05:17:54.253000+00:00,Modified,CWE-190,2026-09-10T23:40:04.178604Z,3.1,nvd@nist.gov,5.5,MEDIUM,LOCAL,LOW,LOW,NONE,NONE,NONE,HIGH,,,,,,,,,,,0,
CVE-2022-49411,2025-02-26 07:01:17.613000+00:00,2026-06-17 05:17:58.397000+00:00,Analyzed,CWE-416,2026-09-10T23:40:04.178604Z,3.1,134c704f-9b21-4f2e-91b3-4a467353bcc0,7.8,HIGH,LOCAL,LOW,LOW,NONE,HIGH,HIGH,HIGH,,,,,,,,,,,0,
CVE-2022-49414,2025-02-26 07:01:17.890000+00:00,2026-06-17 05:17:58.980000+00:00,Modified,CWE-362,2026-09-10T23:40:04.178604Z,3.1,nvd@nist.gov,4.7,MEDIUM,LOCAL,HIGH,LOW,NONE,NONE,NONE,HIGH,,,,,,,,,,,0,
CVE-2022-49415,2025-02-26 07:01:17.987000+00:00,2026-06-17 05:17:59.413000+00:00,Analyzed,,2026-09-10T23:40:04.178604Z,3.1,nvd@nist.gov,5.5,MEDIUM,LOCAL,LOW,LOW,NONE,NONE,NONE,HIGH,,,,,,,,,,,0,
CVE-2022-49436,2025-02-26 07:01:20.057000+00:00,2026-06-17 05:18:02.613000+00:00,Analyzed,CWE-401,2026-09-10T23:40:04.178604Z,3.1,nvd@nist.gov,5.5,MEDIUM,LOCAL,LOW,LOW,NONE,NONE,NONE,HIGH,,,,,,,,,,,0,
CVE-2022-49455,2025-02-26 07:01:21.857000+00:00,2026-06-17 05:18:06.070000+00:00,Modified,CWE-415,2026-09-10T23:40:04.178604Z,3.1,nvd@nist.gov,7.8,HIGH,LOCAL,LOW,LOW,NONE,HIGH,HIGH,HIGH,,,,,,,,,,,0,
CVE-2022-49470,2025-02-26 07:01:23.240000+00:00,2026-08-04 10:17:48.903000+00:00,Modified,CWE-416,2026-09-10T23:40:04.178604Z,3.1,416baaa9-dc9f-4396-8d5f-8c081fb06d67,8.8,HIGH,ADJACENT_NETWORK,LOW,NONE,NONE,HIGH,HIGH,HIGH,,,,,,,,,,,0,
CVE-2022-49522,2025-02-26 07:01:28.210000+00:00,2026-06-17 05:18:18.853000+00:00,Analyzed,,2026-09-10T23:40:04.178604Z,3.1,nvd@nist.gov,5.5,MEDIUM,LOCAL,LOW,LOW,NONE,NONE,NONE,HIGH,,,,,,,,,,,0,
CVE-2022-49526,2025-02-26 07:01:28.593000+00:00,2026-06-17 05:18:19.660000+00:00,Analyzed,CWE-476,2026-09-10T23:40:04.178604Z,3.1,nvd@nist.gov,5.5,MEDIUM,LOCAL,LOW,LOW,NONE,NONE,NONE,HIGH,,,,,,,,,,,0,
CVE-2022-49528,2025-02-26 07:01:28.780000+00:00,2026-08-15 13:17:25.510000+00:00,Analyzed,,2026-09-10T23:40:04.178604Z,3.1,nvd@nist.gov,5.5,MEDIUM,LOCAL,LOW,LOW,NONE,NONE,NONE,HIGH,,,,,,,,,,,0,
CVE-2022-49533,2025-02-26 07:01:29.293000+00:00,2026-08-04 10:17:50.480000+00:00,Modified,,2026-09-10T23:40:04.178604Z,3.1,nvd@nist.gov,5.5,MEDIUM,LOCAL,LOW,LOW,NONE,NONE,NONE,HIGH,,,,,,,,,,,0,
CVE-2022-49550,2025-02-26 07:01:30.863000+00:00,2026-06-17 05:18:25.267000+00:00,Modified,CWE-401,2026-09-10T23:40:04.178604Z,3.1,nvd@nist.gov,5.5,MEDIUM,LOCAL,LOW,LOW,NONE,NONE,NONE,HIGH,,,,,,,,,,,0,
CVE-2022-49552,2025-02-26 07:01:31.040000+00:00,2026-06-17 05:18:25.827000+00:00,Analyzed,,2026-09-10T23:40:04.178604Z,3.1,nvd@nist.gov,5.5,MEDIUM,LOCAL,LOW,LOW,NONE,NONE,NONE,HIGH,,,,,,,,,,,0,
CVE-2022-49557,2025-02-26 07:01:31.503000+00:00,2026-08-04 10:17:51.440000+00:00,Modified,CWE-787,2026-09-10T23:40:04.178604Z,3.1,nvd@nist.gov,5.5,MEDIUM,LOCAL,LOW,LOW,NONE,NONE,NONE,HIGH,,,,,,,,,,,0,
CVE-2022-49570,2025-02-26 07:01:32.693000+00:00,2026-06-17 05:18:28.877000+00:00,Modified,CWE-190,2026-09-10T23:40:04.178604Z,3.1,nvd@nist.gov,5.5,MEDIUM,LOCAL,LOW,LOW,NONE,NONE,NONE,HIGH,,,,,,,,,,,0,
CVE-2022-49573,2025-02-26 07:01:32.970000+00:00,2026-06-17 05:18:29.457000+00:00,Modified,CWE-362,2026-09-10T23:40:04.178604Z,3.1,nvd@nist.gov,4.7,MEDIUM,LOCAL,HIGH,LOW,NONE,NONE,NONE,HIGH,,,,,,,,,,,0,
CVE-2022-49609,2025-02-26 07:01:36.363000+00:00,2026-06-17 05:18:37.200000+00:00,Modified,,2026-09-10T23:40:04.178604Z,3.1,nvd@nist.gov,5.5,MEDIUM,LOCAL,LOW,LOW,NONE,NONE,NONE,HIGH,,,,,,,,,,,0,
CVE-2022-49619,2025-02-26 07:01:37.290000+00:00,2026-06-17 05:18:38.733000+00:00,Modified,CWE-401,2026-09-10T23:40:04.178604Z,3.1,nvd@nist.gov,5.5,MEDIUM,LOCAL,LOW,LOW,NONE,NONE,NONE,HIGH,,,,,,,,,,,0,
CVE-2022-49628,2025-02-26 07:01:38.117000+00:00,2026-06-17 05:18:40.490000+00:00,Analyzed,CWE-401,2026-09-10T23:40:04.178604Z,3.1,nvd@nist.gov,5.5,MEDIUM,LOCAL,LOW,LOW,NONE,NONE,NONE,HIGH,,,,,,,,,,,0,
CVE-2022-49633,2025-02-26 07:01:38.560000+00:00,2026-06-17 05:18:41.630000+00:00,Modified,CWE-362,2026-09-10T23:40:04.178604Z,3.1,nvd@nist.gov,4.7,MEDIUM,LOCAL,HIGH,LOW,NONE,NONE,NONE,HIGH,,,,,,,,,,,0,
CVE-2022-49649,2025-02-26 07:01:40.050000+00:00,2026-06-17 05:18:44.933000+00:00,Modified,CWE-476,2026-09-10T23:40:04.178604Z,3.1,nvd@nist.gov,5.5,MEDIUM,LOCAL,LOW,LOW,NONE,NONE,NONE,HIGH,,,,,,,,,,,0,
CVE-2022-49657,2025-02-26 07:01:40.777000+00:00,2026-06-17 05:18:46.310000+00:00,Modified,CWE-401,2026-09-10T23:40:04.178604Z,3.1,nvd@nist.gov,5.5,MEDIUM,LOCAL,LOW,LOW,NONE,NONE,NONE,HIGH,,,,,,,,,,,0,
CVE-2022-49664,2025-02-26 07:01:41.420000+00:00,2026-08-04 10:17:53.217000+00:00,Modified,CWE-476,2026-09-10T23:40:04.178604Z,3.1,nvd@nist.gov,5.5,MEDIUM,LOCAL,LOW,LOW,NONE,NONE,NONE,HIGH,,,,,,,,,,,0,
CVE-2022-49665,2025-02-26 07:01:41.513000+00:00,2026-06-17 05:18:47.447000+00:00,Analyzed,CWE-401,2026-09-10T23:40:04.178604Z,3.1,nvd@nist.gov,5.5,MEDIUM,LOCAL,LOW,LOW,NONE,NONE,NONE,HIGH,,,,,,,,,,,0,
CVE-2022-49682,2025-02-26 07:01:43.063000+00:00,2026-06-17 05:18:50.910000+00:00,Modified,,2026-09-10T23:40:04.178604Z,3.1,nvd@nist.gov,5.5,MEDIUM,LOCAL,LOW,LOW,NONE,NONE,NONE,HIGH,,,,,,,,,,,0,
CVE-2022-49692,2025-02-26 07:01:43.990000+00:00,2026-06-17 05:18:52.500000+00:00,Modified,CWE-476,2026-09-10T23:40:04.178604Z,3.1,nvd@nist.gov,5.5,MEDIUM,LOCAL,LOW,LOW,NONE,NONE,NONE,HIGH,,,,,,,,,,,0,
CVE-2022-49710,2025-02-26 07:01:46.800000+00:00,2026-06-17 05:18:55.957000+00:00,Analyzed,,2026-09-10T23:40:04.178604Z,3.1,nvd@nist.gov,5.5,MEDIUM,LOCAL,LOW,LOW,NONE,NONE,NONE,HIGH,,,,,,,,,,,0,
CVE-2022-49716,2025-02-26 07:01:47.350000+00:00,2026-06-17 05:18:57.010000+00:00,Modified,,2026-09-10T23:40:04.178604Z,3.1,nvd@nist.gov,5.5,MEDIUM,LOCAL,LOW,LOW,NONE,NONE,NONE,HIGH,,,,,,,,,,,0,
CVE-2022-49728,2025-02-26 07:01:48.433000+00:00,2026-06-17 05:18:59.157000+00:00,Modified,CWE-190,2026-09-10T23:40:04.178604Z,3.1,nvd@nist.gov,5.5,MEDIUM,LOCAL,LOW,LOW,NONE,NONE,NONE,HIGH,,,,,,,,,,,0,
CVE-2022-49729,2025-02-26 07:01:48.523000+00:00,2026-06-17 05:18:59.300000+00:00,Modified,CWE-401,2026-09-10T23:40:04.178604Z,3.1,nvd@nist.gov,5.5,MEDIUM,LOCAL,LOW,LOW,NONE,NONE,NONE,HIGH,,,,,,,,,,,0,
CVE-2022-49731,2025-02-26 07:01:48.710000+00:00,2026-06-17 05:18:59.550000+00:00,Modified,CWE-476,2026-09-10T23:40:04.178604Z,3.1,nvd@nist.gov,5.5,MEDIUM,LOCAL,LOW,LOW,NONE,NONE,NONE,HIGH,,,,,,,,,,,0,
CVE-2024-13629,2025-02-26 13:15:37.247000+00:00,2026-06-17 07:02:24.503000+00:00,Analyzed,CWE-79,2026-09-10T23:40:04.178604Z,3.1,134c704f-9b21-4f2e-91b3-4a467353bcc0,6.1,MEDIUM,NETWORK,LOW,NONE,REQUIRED,LOW,LOW,NONE,,,,,,,,,,,0,
CVE-2024-13669,2025-02-26 13:15:37.833000+00:00,2026-06-17 07:02:29.990000+00:00,Modified,CWE-79,2026-09-10T23:40:04.178604Z,3.1,134c704f-9b21-4f2e-91b3-4a467353bcc0,6.1,MEDIUM,NETWORK,LOW,NONE,REQUIRED,LOW,LOW,NONE,,,,,,,,,,,0,
CVE-2024-47053,2025-02-26 13:15:40.090000+00:00,2026-06-17 07:56:27.593000+00:00,Analyzed,CWE-285,2026-09-10T23:40:04.178604Z,3.1,nvd@nist.gov,7.7,HIGH,NETWORK,LOW,LOW,NONE,HIGH,NONE,NONE,,,,,,,,,,,0,
CVE-2025-25799,2025-02-26 15:15:27.870000+00:00,2026-07-05 01:21:32.740000+00:00,Modified,CWE-552,2026-09-10T23:40:04.178604Z,3.1,134c704f-9b21-4f2e-91b3-4a467353bcc0,6.0,MEDIUM,LOCAL,LOW,HIGH,NONE,HIGH,HIGH,NONE,,,,,,,,,,,0,
CVE-2024-57987,2025-02-27 02:15:12.700000+00:00,2026-06-17 08:14:23.150000+00:00,Modified,CWE-476,2026-09-10T23:40:04.178604Z,3.1,nvd@nist.gov,5.5,MEDIUM,LOCAL,LOW,LOW,NONE,NONE,NONE,HIGH,,,,,,,,,,,0,
CVE-2024-57990,2025-02-27 02:15:13.010000+00:00,2026-06-17 08:14:23.597000+00:00,Modified,CWE-193,2026-09-10T23:40:04.178604Z,3.1,nvd@nist.gov,7.8,HIGH,LOCAL,LOW,LOW,NONE,HIGH,HIGH,HIGH,,,,,,,,,,,0,
CVE-2025-21715,2025-02-27 02:15:15.167000+00:00,2026-06-17 08:44:05.900000+00:00,Modified,CWE-416,2026-09-10T23:40:04.178604Z,3.1,134c704f-9b21-4f2e-91b3-4a467353bcc0,7.8,HIGH,LOCAL,LOW,LOW,NONE,HIGH,HIGH,HIGH,,,,,,,,,,,0,
CVE-2025-21724,2025-02-27 02:15:16.113000+00:00,2026-06-17 08:44:07.600000+00:00,Modified,CWE-787,2026-09-10T23:40:04.178604Z,3.1,nvd@nist.gov,7.8,HIGH,LOCAL,LOW,LOW,NONE,HIGH,HIGH,HIGH,,,,,,,,,,,0,
CVE-2025-21740,2025-02-27 03:15:14.630000+00:00,2025-03-27 14:15:22.250000+00:00,Rejected,,2026-09-10T23:40:04.178604Z,,,,,,,,,,,,,,,,,,,,,,0,
CVE-2025-21750,2025-02-27 03:15:15.647000+00:00,2026-06-17 08:44:11.167000+00:00,Modified,CWE-476,2026-09-10T23:40:04.178604Z,3.1,nvd@nist.gov,5.5,MEDIUM,LOCAL,LOW,LOW,NONE,NONE,NONE,HIGH,,,,,,,,,,,0,
CVE-2025-21753,2025-02-27 03:15:15.950000+00:00,2026-06-17 08:44:11.563000+00:00,Modified,CWE-416,2026-09-10T23:40:04.178604Z,3.1,134c704f-9b21-4f2e-91b3-4a467353bcc0,7.8,HIGH,LOCAL,LOW,LOW,NONE,HIGH,HIGH,HIGH,,,,,,,,,,,0,
CVE-2025-21756,2025-02-27 03:15:16.250000+00:00,2026-06-17 08:44:11.970000+00:00,Modified,CWE-416,2026-09-10T23:40:04.178604Z,3.1,416baaa9-dc9f-4396-8d5f-8c081fb06d67,7.8,HIGH,LOCAL,LOW,LOW,NONE,HIGH,HIGH,HIGH,,,,,,,,,,,0,
CVE-2025-21777,2025-02-27 03:15:18.377000+00:00,2026-06-17 08:44:15.287000+00:00,Analyzed,,2026-09-10T23:40:04.178604Z,3.1,nvd@nist.gov,5.5,MEDIUM,LOCAL,LOW,LOW,NONE,NONE,NONE,HIGH,,,,,,,,,,,0,
CVE-2025-21778,2025-02-27 03:15:18.533000+00:00,2026-07-30 06:21:30.240000+00:00,Modified,,2026-09-10T23:40:04.178604Z,3.1,nvd@nist.gov,5.5,MEDIUM,LOCAL,LOW,LOW,NONE,NONE,NONE,HIGH,,,,,,,,,,,0,
CVE-2025-21783,2025-02-27 03:15:19.150000+00:00,2026-06-17 08:44:16.063000+00:00,Modified,CWE-476,2026-09-10T23:40:04.178604Z,3.1,nvd@nist.gov,5.5,MEDIUM,LOCAL,LOW,LOW,NONE,NONE,NONE,HIGH,,,,,,,,,,,0,
CVE-2025-21793,2025-02-27 03:15:20.190000+00:00,2026-06-17 08:44:17.627000+00:00,Modified,CWE-369,2026-09-10T23:40:04.178604Z,3.1,nvd@nist.gov,5.5,MEDIUM,LOCAL,LOW,LOW,NONE,NONE,NONE,HIGH,,,,,,,,,,,0,
CVE-2025-1690,2025-02-27 09:15:10.697000+00:00,2026-06-17 08:39:36.450000+00:00,Analyzed,CWE-79,2026-09-10T23:40:04.178604Z,3.1,nvd@nist.gov,5.4,MEDIUM,NETWORK,LOW,LOW,REQUIRED,LOW,LOW,NONE,,,,,,,,,,,0,
CVE-2024-13734,2025-02-27 10:15:09.980000+00:00,2026-06-17 07:02:38.230000+00:00,Analyzed,CWE-79,2026-09-10T23:40:04.178604Z,3.1,nvd@nist.gov,5.4,MEDIUM,NETWORK,LOW,LOW,REQUIRED,LOW,LOW,NONE,,,,,,,,,,,0,
CVE-2024-56812,2025-02-27 15:15:40.200000+00:00,2026-06-17 08:13:01.247000+00:00,Analyzed,CWE-209,2026-09-10T23:40:04.178604Z,3.1,nvd@nist.gov,5.5,MEDIUM,LOCAL,LOW,LOW,NONE,HIGH,NONE,NONE,,,,,,,,,,,0,
CVE-2025-25329,2025-02-27 17:15:16.773000+00:00,2026-06-17 09:00:40.140000+00:00,Deferred,CWE-84,2026-09-10T23:40:04.178604Z,3.1,134c704f-9b21-4f2e-91b3-4a467353bcc0,5.5,MEDIUM,LOCAL,LOW,NONE,REQUIRED,HIGH,NONE,NONE,,,,,,,,,,,0,
CVE-2025-21800,2025-02-27 20:16:02.660000+00:00,2026-06-17 08:44:18.730000+00:00,Analyzed,,2026-09-10T23:40:04.178604Z,3.1,nvd@nist.gov,7.8,HIGH,LOCAL,LOW,LOW,NONE,HIGH,HIGH,HIGH,,,,,,,,,,,0,
CVE-2025-21802,2025-02-27 20:16:02.847000+00:00,2026-07-14 13:17:24.220000+00:00,Modified,,2026-09-10T23:40:04.178604Z,3.1,nvd@nist.gov,5.5,MEDIUM,LOCAL,LOW,LOW,NONE,NONE,NONE,HIGH,,,,,,,,,,,0,
CVE-2025-21821,2025-02-27 20:16:04.613000+00:00,2026-06-17 08:44:22.720000+00:00,Modified,,2026-09-10T23:40:04.178604Z,3.1,nvd@nist.gov,5.5,MEDIUM,LOCAL,LOW,LOW,NONE,NONE,NONE,HIGH,,,,,,,,,,,0,
CVE-2024-41340,2025-02-27 21:15:36.923000+00:00,2026-07-05 01:20:16.260000+00:00,Modified,CWE-434,2026-09-10T23:40:04.178604Z,3.1,134c704f-9b21-4f2e-91b3-4a467353bcc0,8.4,HIGH,LOCAL,LOW,NONE,NONE,HIGH,HIGH,HIGH,,,,,,,,,,,0,
CVE-2025-25728,2025-02-28 00:15:36.680000+00:00,2026-06-17 09:01:02.950000+00:00,Deferred,CWE-319,2026-09-10T23:40:04.178604Z,3.1,134c704f-9b21-4f2e-91b3-4a467353bcc0,6.5,MEDIUM,NETWORK,LOW,NONE,REQUIRED,HIGH,NONE,NONE,,,,,,,,,,,0,
CVE-2025-1570,2025-02-28 09:15:12.203000+00:00,2026-06-17 08:39:23.027000+00:00,Analyzed,CWE-640,2026-09-10T23:40:04.178604Z,3.1,nvd@nist.gov,9.8,CRITICAL,NETWORK,LOW,NONE,NONE,HIGH,HIGH,HIGH,,,,,,,,,,,0,
CVE-2025-24316,2025-02-28 17:15:16.790000+00:00,2026-06-17 08:58:32.877000+00:00,Deferred,CWE-213,2026-09-10T23:40:04.178604Z,4.0,ics-cert@hq.dhs.gov,6.9,MEDIUM,NETWORK,LOW,NONE,NONE,,,,,,,,,,,,,,0,
CVE-2025-26466,2025-02-28 22:15:40.080000+00:00,2026-06-30 01:16:23.823000+00:00,Modified,CWE-770,2026-09-10T23:40:04.178604Z,3.1,nvd@nist.gov,5.9,MEDIUM,NETWORK,HIGH,NONE,NONE,NONE,NONE,HIGH,,,,,,,,,,,0,
CVE-2024-13559,2025-03-01 05:15:14.700000+00:00,2026-06-17 07:02:15.610000+00:00,Deferred,CWE-79,2026-09-10T23:40:04.178604Z,3.1,security@wordfence.com,6.4,MEDIUM,NETWORK,LOW,LOW,NONE,LOW,LOW,NONE,,,,,,,,,,,0,
CVE-2024-13611,2025-03-01 09:15:09.220000+00:00,2026-06-17 07:02:22.120000+00:00,Analyzed,CWE-200,2026-09-10T23:40:04.178604Z,3.1,security@wordfence.com,7.5,HIGH,NETWORK,LOW,NONE,NONE,HIGH,NONE,NONE,,,,,,,,,,,0,
CVE-2024-13546,2025-03-01 10:15:10.207000+00:00,2026-06-17 07:02:14.083000+00:00,Deferred,CWE-200,2026-09-10T23:40:04.178604Z,3.1,security@wordfence.com,4.3,MEDIUM,NETWORK,LOW,LOW,NONE,LOW,NONE,NONE,,,,,,,,,,,0,
CVE-2025-1404,2025-03-01 12:15:34.310000+00:00,2026-06-17 08:39:04.620000+00:00,Deferred,CWE-862,2026-09-10T23:40:04.178604Z,3.1,security@wordfence.com,5.3,MEDIUM,NETWORK,LOW,NONE,NONE,LOW,NONE,NONE,,,,,,,,,,,0,
CVE-2025-1799,2025-03-01 18:15:34.803000+00:00,2026-06-17 08:39:47.860000+00:00,Analyzed,CWE-918,2026-09-10T23:40:04.178604Z,4.0,cna@vuldb.com,5.3,MEDIUM,NETWORK,LOW,LOW,NONE,,,,,,,,,,,,,,0,
CVE-2025-1815,2025-03-02 12:15:36.507000+00:00,2026-06-17 08:39:49.767000+00:00,Deferred,CWE-266,2026-09-10T23:40:04.178604Z,4.0,cna@vuldb.com,6.9,MEDIUM,NETWORK,LOW,NONE,NONE,,,,,,,,,,,,,,0,
CVE-2025-1857,2025-03-03 08:15:16.823000+00:00,2026-06-17 08:39:54.573000+00:00,Analyzed,CWE-74,2026-09-10T23:40:04.178604Z,4.0,cna@vuldb.com,6.9,MEDIUM,NETWORK,LOW,NONE,NONE,,,,,,,,,,,,,,0,
CVE-2024-53011,2025-03-03 11:15:13.080000+00:00,2026-06-17 08:08:01.937000+00:00,Analyzed,CWE-264,2026-09-10T23:40:04.178604Z,3.1,product-security@qualcomm.com,7.9,HIGH,LOCAL,LOW,HIGH,NONE,HIGH,HIGH,NONE,,,,,,,,,,,0,
CVE-2024-53029,2025-03-03 11:15:14.617000+00:00,2026-06-17 08:08:06.347000+00:00,Analyzed,CWE-20,2026-09-10T23:40:04.178604Z,3.1,nvd@nist.gov,8.8,HIGH,LOCAL,LOW,LOW,NONE,HIGH,HIGH,HIGH,,,,,,,,,,,0,
CVE-2025-1870,2025-03-03 13:15:12.113000+00:00,2026-06-17 08:40:05.163000+00:00,Analyzed,CWE-89,2026-09-10T23:40:04.178604Z,4.0,cve-coordination@incibe.es,9.3,CRITICAL,NETWORK,LOW,NONE,NONE,,,,,,,,,,,,,,0,
CVE-2025-23425,2025-03-03 14:15:34.600000+00:00,2026-06-17 08:54:15.997000+00:00,Deferred,CWE-79,2026-09-10T23:40:04.178604Z,3.1,audit@patchstack.com,7.1,HIGH,NETWORK,LOW,NONE,REQUIRED,LOW,LOW,LOW,,,,,,,,,,,0,
CVE-2025-23441,2025-03-03 14:15:35.360000+00:00,2026-06-17 08:54:23.737000+00:00,Deferred,CWE-79,2026-09-10T23:40:04.178604Z,3.1,audit@patchstack.com,7.1,HIGH,NETWORK,LOW,NONE,REQUIRED,LOW,LOW,LOW,,,,,,,,,,,0,
CVE-2025-23446,2025-03-03 14:15:35.500000+00:00,2026-06-17 08:54:26.120000+00:00,Deferred,CWE-352,2026-09-10T23:40:04.178604Z,3.1,audit@patchstack.com,7.1,HIGH,NETWORK,LOW,NONE,REQUIRED,LOW,LOW,LOW,,,,,,,,,,,0,
CVE-2025-23468,2025-03-03 14:15:36.357000+00:00,2026-06-17 08:54:36.697000+00:00,Deferred,CWE-79,2026-09-10T23:40:04.178604Z,3.1,audit@patchstack.com,7.1,HIGH,NETWORK,LOW,NONE,REQUIRED,LOW,LOW,LOW,,,,,,,,,,,0,
CVE-2025-23481,2025-03-03 14:15:37.207000+00:00,2026-06-17 08:54:42.980000+00:00,Deferred,CWE-79,2026-09-10T23:40:04.178604Z,3.1,audit@patchstack.com,7.1,HIGH,NETWORK,LOW,NONE,REQUIRED,LOW,LOW,LOW,,,,,,,,,,,0,
CVE-2025-23505,2025-03-03 14:15:38.777000+00:00,2026-06-17 08:54:54.500000+00:00,Deferred,CWE-79,2026-09-10T23:40:04.178604Z,3.1,audit@patchstack.com,7.1,HIGH,NETWORK,LOW,NONE,REQUIRED,LOW,LOW,LOW,,,,,,,,,,,0,
CVE-2025-23576,2025-03-03 14:15:42.723000+00:00,2026-06-17 08:55:30.130000+00:00,Deferred,CWE-79,2026-09-10T23:40:04.178604Z,3.1,audit@patchstack.com,7.1,HIGH,NETWORK,LOW,NONE,REQUIRED,LOW,LOW,LOW,,,,,,,,,,,0,
CVE-2025-23587,2025-03-03 14:15:43.437000+00:00,2026-06-17 08:55:35.490000+00:00,Deferred,CWE-79,2026-09-10T23:40:04.178604Z,3.1,audit@patchstack.com,7.1,HIGH,NETWORK,LOW,NONE,REQUIRED,LOW,LOW,LOW,,,,,,,,,,,0,
CVE-2025-23635,2025-03-03 14:15:44.413000+00:00,2026-06-17 08:55:58.573000+00:00,Deferred,CWE-79,2026-09-10T23:40:04.178604Z,3.1,audit@patchstack.com,7.1,HIGH,NETWORK,LOW,NONE,REQUIRED,LOW,LOW,LOW,,,,,,,,,,,0,
CVE-2025-23663,2025-03-03 14:15:44.693000+00:00,2026-06-17 08:56:12.173000+00:00,Deferred,CWE-79,2026-09-10T23:40:04.178604Z,3.1,audit@patchstack.com,7.1,HIGH,NETWORK,LOW,NONE,REQUIRED,LOW,LOW,LOW,,,,,,,,,,,0,
CVE-2025-23726,2025-03-03 14:15:45.723000+00:00,2026-06-17 08:56:42.690000+00:00,Deferred,CWE-79,2026-09-10T23:40:04.178604Z,3.1,audit@patchstack.com,7.1,HIGH,NETWORK,LOW,NONE,REQUIRED,LOW,LOW,LOW,,,,,,,,,,,0,
CVE-2025-25083,2025-03-03 14:15:49.633000+00:00,2026-06-17 09:00:16.067000+00:00,Deferred,CWE-79,2026-09-10T23:40:04.178604Z,3.1,audit@patchstack.com,7.1,HIGH,NETWORK,LOW,NONE,REQUIRED,LOW,LOW,LOW,,,,,,,,,,,0,
CVE-2025-25087,2025-03-03 14:15:49.920000+00:00,2026-06-17 09:00:16.467000+00:00,Deferred,CWE-79,2026-09-10T23:40:04.178604Z,3.1,audit@patchstack.com,7.1,HIGH,NETWORK,LOW,NONE,REQUIRED,LOW,LOW,LOW,,,,,,,,,,,0,
CVE-2025-25164,2025-03-03 14:15:54.190000+00:00,2026-06-17 09:00:24.243000+00:00,Deferred,CWE-79,2026-09-10T23:40:04.178604Z,3.1,audit@patchstack.com,7.1,HIGH,NETWORK,LOW,NONE,REQUIRED,LOW,LOW,LOW,,,,,,,,,,,0,
CVE-2025-26540,2025-03-03 14:15:55.037000+00:00,2026-06-17 09:01:59.560000+00:00,Deferred,CWE-22,2026-09-10T23:40:04.178604Z,3.1,audit@patchstack.com,7.7,HIGH,NETWORK,LOW,LOW,NONE,NONE,NONE,HIGH,,,,,,,,,,,0,
CVE-2025-26967,2025-03-03 14:15:56.927000+00:00,2026-06-17 09:02:40.953000+00:00,Modified,CWE-502,2026-09-10T23:40:04.178604Z,3.1,nvd@nist.gov,8.8,HIGH,NETWORK,LOW,LOW,NONE,HIGH,HIGH,HIGH,,,,,,,,,,,0,
CVE-2025-26994,2025-03-03 14:15:57.667000+00:00,2026-06-17 09:02:43.767000+00:00,Modified,CWE-79,2026-09-10T23:40:04.178604Z,3.1,nvd@nist.gov,6.1,MEDIUM,NETWORK,LOW,NONE,REQUIRED,LOW,LOW,NONE,,,,,,,,,,,0,
CVE-2025-27263,2025-03-03 14:15:57.980000+00:00,2026-06-17 09:03:18.137000+00:00,Deferred,CWE-89,2026-09-10T23:40:04.178604Z,3.1,audit@patchstack.com,8.5,HIGH,NETWORK,LOW,LOW,NONE,HIGH,NONE,LOW,,,,,,,,,,,0,
CVE-2025-27270,2025-03-03 14:15:58.540000+00:00,2026-06-17 09:03:18.807000+00:00,Deferred,CWE-862,2026-09-10T23:40:04.178604Z,3.1,audit@patchstack.com,9.8,CRITICAL,NETWORK,LOW,NONE,NONE,HIGH,HIGH,HIGH,,,,,,,,,,,0,
CVE-2025-27279,2025-03-03 14:15:59.373000+00:00,2026-06-17 09:03:19.683000+00:00,Deferred,CWE-79,2026-09-10T23:40:04.178604Z,3.1,audit@patchstack.com,7.1,HIGH,NETWORK,LOW,NONE,REQUIRED,LOW,LOW,LOW,,,,,,,,,,,0,
CVE-2025-1801,2025-03-03 15:15:16.500000+00:00,2026-06-17 08:39:48.133000+00:00,Deferred,CWE-362,2026-09-10T23:40:04.178604Z,3.1,secalert@redhat.com,8.1,HIGH,NETWORK,LOW,LOW,NONE,HIGH,HIGH,NONE,,,,,,,,,,,0,
CVE-2024-55532,2025-03-03 16:15:38.777000+00:00,2026-06-17 08:11:11.970000+00:00,Analyzed,CWE-1236,2026-09-10T23:40:04.178604Z,3.1,134c704f-9b21-4f2e-91b3-4a467353bcc0,9.8,CRITICAL,NETWORK,LOW,NONE,NONE,HIGH,HIGH,HIGH,,,,,,,,,,,0,
CVE-2025-0288,2025-03-03 17:15:13.823000+00:00,2026-06-17 08:26:13.193000+00:00,Analyzed,,2026-09-10T23:40:04.178604Z,3.1,134c704f-9b21-4f2e-91b3-4a467353bcc0,7.8,HIGH,LOCAL,LOW,LOW,NONE,HIGH,HIGH,HIGH,,,,,,,,,,,0,
CVE-2025-1876,2025-03-03 17:15:14.517000+00:00,2026-06-17 08:40:14.790000+00:00,Analyzed,CWE-787,2026-09-10T23:40:04.178604Z,4.0,cna@vuldb.com,6.9,MEDIUM,NETWORK,LOW,NONE,NONE,,,,,,,,,,,,,,0,
CVE-2025-27422,2025-03-03 17:15:15.787000+00:00,2026-06-17 09:03:33.477000+00:00,Deferred,CWE-287,2026-09-10T23:40:04.178604Z,3.1,security-advisories@github.com,7.5,HIGH,NETWORK,LOW,NONE,NONE,HIGH,NONE,NONE,,,,,,,,,,,0,
CVE-2025-27498,2025-03-03 17:15:16.443000+00:00,2026-06-17 09:03:42.923000+00:00,Deferred,CWE-347,2026-09-10T23:40:04.178604Z,4.0,security-advisories@github.com,5.7,MEDIUM,LOCAL,HIGH,NONE,ACTIVE,,,,,,,,,,,,,,0,
CVE-2025-27500,2025-03-03 19:15:36.157000+00:00,2026-06-17 09:03:43.147000+00:00,Analyzed,CWE-79,2026-09-10T23:40:04.178604Z,3.1,nvd@nist.gov,6.1,MEDIUM,NETWORK,LOW,NONE,REQUIRED,LOW,LOW,NONE,,,,,,,,,,,0,
CVE-2024-51950,2025-03-03 20:15:41.277000+00:00,2026-06-17 08:06:36.323000+00:00,Modified,CWE-79,2026-09-10T23:40:04.178604Z,3.1,psirt@esri.com,4.8,MEDIUM,NETWORK,LOW,HIGH,REQUIRED,LOW,LOW,NONE,,,,,,,,,,,0,
CVE-2024-51952,2025-03-03 20:15:41.593000+00:00,2026-06-17 08:06:36.540000+00:00,Modified,CWE-79,2026-09-10T23:40:04.178604Z,3.1,psirt@esri.com,4.8,MEDIUM,NETWORK,LOW,HIGH,REQUIRED,LOW,LOW,NONE,,,,,,,,,,,0,
CVE-2024-51959,2025-03-03 20:15:42.550000+00:00,2026-06-17 08:06:37.190000+00:00,Modified,CWE-79,2026-09-10T23:40:04.178604Z,3.1,psirt@esri.com,4.8,MEDIUM,NETWORK,LOW,HIGH,REQUIRED,LOW,LOW,NONE,,,,,,,,,,,0,
CVE-2025-1891,2025-03-04 00:15:31.377000+00:00,2026-06-17 08:40:16.807000+00:00,Modified,CWE-352,2026-09-10T23:40:04.178604Z,4.0,cna@vuldb.com,5.3,MEDIUM,NETWORK,LOW,NONE,PASSIVE,,,,,,,,,,,,,,0,
CVE-2025-1695,2025-03-04 01:15:10.063000+00:00,2026-06-17 08:39:37.023000+00:00,Analyzed,CWE-835,2026-09-10T23:40:04.178604Z,4.0,f5sirt@f5.com,6.9,MEDIUM,NETWORK,LOW,NONE,NONE,,,,,,,,,,,,,,0,
CVE-2025-1639,2025-03-04 04:15:11.697000+00:00,2026-06-17 08:39:30.720000+00:00,Analyzed,CWE-862,2026-09-10T23:40:04.178604Z,3.1,nvd@nist.gov,8.8,HIGH,NETWORK,LOW,LOW,NONE,HIGH,HIGH,HIGH,,,,,,,,,,,0,
CVE-2025-20011,2025-03-04 04:15:12.563000+00:00,2026-06-17 08:40:31.310000+00:00,Analyzed,CWE-401,2026-09-10T23:40:04.178604Z,3.1,nvd@nist.gov,5.5,MEDIUM,LOCAL,LOW,LOW,NONE,NONE,NONE,HIGH,,,,,,,,,,,0,
CVE-2025-20042,2025-03-04 04:15:12.970000+00:00,2026-06-17 08:40:34.263000+00:00,Analyzed,CWE-125,2026-09-10T23:40:04.178604Z,3.1,nvd@nist.gov,5.5,MEDIUM,LOCAL,LOW,LOW,NONE,HIGH,NONE,NONE,,,,,,,,,,,0,
CVE-2025-22897,2025-03-04 04:15:14.807000+00:00,2026-06-17 08:50:51.230000+00:00,Analyzed,CWE-120,2026-09-10T23:40:04.178604Z,3.1,nvd@nist.gov,5.5,MEDIUM,LOCAL,LOW,LOW,NONE,NONE,NONE,HIGH,,,,,,,,,,,0,
CVE-2024-58044,2025-03-04 08:15:34.750000+00:00,2026-06-17 08:14:30.100000+00:00,Analyzed,CWE-276,2026-09-10T23:40:04.178604Z,3.1,nvd@nist.gov,5.5,MEDIUM,LOCAL,LOW,LOW,NONE,NONE,NONE,HIGH,,,,,,,,,,,0,
CVE-2024-58046,2025-03-04 08:15:35.117000+00:00,2026-06-17 08:14:30.327000+00:00,Analyzed,CWE-276,2026-09-10T23:40:04.178604Z,3.1,nvd@nist.gov,5.5,MEDIUM,LOCAL,LOW,LOW,NONE,HIGH,NONE,NONE,,,,,,,,,,,0,
CVE-2025-27425,2025-03-04 14:15:39.493000+00:00,2026-06-17 09:03:33.837000+00:00,Modified,CWE-287,2026-09-10T23:40:04.178604Z,3.1,134c704f-9b21-4f2e-91b3-4a467353bcc0,4.3,MEDIUM,NETWORK,LOW,NONE,REQUIRED,NONE,LOW,NONE,,,,,,,,,,,0,
CVE-2024-9149,2025-03-04 15:15:22.530000+00:00,2026-06-17 08:24:03.240000+00:00,Deferred,CWE-89,2026-09-10T23:40:04.178604Z,3.1,iletisim@usom.gov.tr,8.6,HIGH,NETWORK,LOW,NONE,NONE,HIGH,LOW,LOW,,,,,,,,,,,0,
CVE-2025-23368,2025-03-04 16:15:39.270000+00:00,2026-08-17 12:16:41.213000+00:00,Modified,CWE-307,2026-09-10T23:40:04.178604Z,3.1,nvd@nist.gov,8.1,HIGH,NETWORK,HIGH,NONE,NONE,HIGH,HIGH,HIGH,,,,,,,,,,,0,
CVE-2025-26182,2025-03-04 17:15:18.363000+00:00,2026-06-17 09:01:30.247000+00:00,Analyzed,CWE-94,2026-09-10T23:40:04.178604Z,3.1,134c704f-9b21-4f2e-91b3-4a467353bcc0,6.5,MEDIUM,NETWORK,LOW,NONE,NONE,LOW,LOW,NONE,,,,,,,,,,,0,
CVE-2024-10930,2025-03-04 18:15:23.610000+00:00,2026-06-17 06:56:43.420000+00:00,Analyzed,CWE-427,2026-09-10T23:40:04.178604Z,4.0,productsecurity@carrier.com,7.1,HIGH,LOCAL,LOW,NONE,ACTIVE,,,,,,,,,,,,,,0,
CVE-2025-1946,2025-03-04 19:15:37.583000+00:00,2026-06-17 08:40:24.143000+00:00,Analyzed,CWE-77,2026-09-10T23:40:04.178604Z,4.0,cna@vuldb.com,5.3,MEDIUM,NETWORK,LOW,LOW,NONE,,,,,,,,,,,,,,0,
CVE-2025-1969,2025-03-04 19:15:38.290000+00:00,2026-06-17 08:40:27.303000+00:00,Deferred,CWE-807,2026-09-10T23:40:04.178604Z,4.0,ff89ba41-3aa1-4d27-914a-91399e9639e5,5.3,MEDIUM,NETWORK,LOW,LOW,NONE,,,,,,,,,,,,,,0,
CVE-2024-0114,2025-03-05 02:15:35.830000+00:00,2026-06-17 06:52:48.663000+00:00,Deferred,CWE-1244,2026-09-10T23:40:04.178604Z,3.1,psirt@nvidia.com,8.1,HIGH,LOCAL,LOW,HIGH,NONE,LOW,HIGH,HIGH,,,,,,,,,,,0,
CVE-2024-0141,2025-03-05 02:15:35.990000+00:00,2026-06-17 06:52:51.667000+00:00,Deferred,CWE-782,2026-09-10T23:40:04.178604Z,3.1,psirt@nvidia.com,6.8,MEDIUM,NETWORK,LOW,HIGH,NONE,NONE,NONE,HIGH,,,,,,,,,,,0,
CVE-2025-27646,2025-03-05 06:15:36.257000+00:00,2026-06-17 09:03:57.807000+00:00,Modified,CWE-284,2026-09-10T23:40:04.178604Z,3.1,134c704f-9b21-4f2e-91b3-4a467353bcc0,9.8,CRITICAL,NETWORK,LOW,NONE,NONE,HIGH,HIGH,HIGH,,,,,,,,,,,0,
CVE-2025-27648,2025-03-05 06:15:36.523000+00:00,2026-06-17 09:03:58.107000+00:00,Modified,CWE-522,2026-09-10T23:40:04.178604Z,3.1,134c704f-9b21-4f2e-91b3-4a467353bcc0,9.8,CRITICAL,NETWORK,LOW,NONE,NONE,HIGH,HIGH,HIGH,,,,,,,,,,,0,
CVE-2025-27651,2025-03-05 06:15:36.950000+00:00,2026-06-17 09:03:58.557000+00:00,Modified,CWE-918,2026-09-10T23:40:04.178604Z,3.1,134c704f-9b21-4f2e-91b3-4a467353bcc0,9.8,CRITICAL,NETWORK,LOW,NONE,NONE,HIGH,HIGH,HIGH,,,,,,,,,,,0,
CVE-2025-27657,2025-03-05 06:15:37.740000+00:00,2026-06-17 09:03:59.460000+00:00,Modified,CWE-94,2026-09-10T23:40:04.178604Z,3.1,134c704f-9b21-4f2e-91b3-4a467353bcc0,9.8,CRITICAL,NETWORK,LOW,NONE,NONE,HIGH,HIGH,HIGH,,,,,,,,,,,0,
CVE-2025-27675,2025-03-05 06:15:40.420000+00:00,2026-06-17 09:04:02.187000+00:00,Modified,CWE-200,2026-09-10T23:40:04.178604Z,3.1,134c704f-9b21-4f2e-91b3-4a467353bcc0,9.8,CRITICAL,NETWORK,LOW,NONE,NONE,HIGH,HIGH,HIGH,,,,,,,,,,,0,
CVE-2024-13232,2025-03-05 10:15:14.197000+00:00,2026-06-17 07:01:32.470000+00:00,Deferred,CWE-862,2026-09-10T23:40:04.178604Z,3.1,security@wordfence.com,8.8,HIGH,NETWORK,LOW,LOW,NONE,HIGH,HIGH,HIGH,,,,,,,,,,,0,
CVE-2025-0956,2025-03-05 10:15:19.480000+00:00,2026-06-17 08:27:26.063000+00:00,Deferred,CWE-502,2026-09-10T23:40:04.178604Z,3.1,security@wordfence.com,8.1,HIGH,NETWORK,HIGH,NONE,NONE,HIGH,HIGH,HIGH,,,,,,,,,,,0,
CVE-2024-12650,2025-03-05 12:15:34.803000+00:00,2026-06-17 07:00:12.537000+00:00,Deferred,CWE-252,2026-09-10T23:40:04.178604Z,3.1,info@cert.vde.com,5.4,MEDIUM,NETWORK,LOW,LOW,NONE,NONE,LOW,LOW,,,,,,,,,,,0,
CVE-2025-22212,2025-03-05 16:15:37.643000+00:00,2026-06-17 08:45:37.507000+00:00,Analyzed,CWE-89,2026-09-10T23:40:04.178604Z,3.1,134c704f-9b21-4f2e-91b3-4a467353bcc0,2.7,LOW,NETWORK,LOW,HIGH,NONE,NONE,LOW,NONE,,,,,,,,,,,0,
CVE-2025-25632,2025-03-05 21:15:19.890000+00:00,2026-06-17 09:00:58.180000+00:00,Analyzed,CWE-77,2026-09-10T23:40:04.178604Z,3.1,134c704f-9b21-4f2e-91b3-4a467353bcc0,9.8,CRITICAL,NETWORK,LOW,NONE,NONE,HIGH,HIGH,HIGH,,,,,,,,,,,0,
CVE-2025-20917,2025-03-06 05:15:18.683000+00:00,2026-06-17 08:42:12.113000+00:00,Analyzed,CWE-125,2026-09-10T23:40:04.178604Z,3.1,nvd@nist.gov,7.5,HIGH,NETWORK,LOW,NONE,NONE,HIGH,NONE,NONE,,,,,,,,,,,0,
CVE-2025-20922,2025-03-06 05:15:19.533000+00:00,2026-06-17 08:42:12.643000+00:00,Analyzed,CWE-125,2026-09-10T23:40:04.178604Z,3.1,nvd@nist.gov,7.5,HIGH,NETWORK,LOW,NONE,NONE,HIGH,NONE,NONE,,,,,,,,,,,0,
CVE-2025-20926,2025-03-06 05:15:20.383000+00:00,2026-06-17 08:42:13.050000+00:00,Analyzed,,2026-09-10T23:40:04.178604Z,3.1,mobile.security@samsung.com,5.5,MEDIUM,LOCAL,LOW,LOW,NONE,HIGH,NONE,NONE,,,,,,,,,,,0,
CVE-2025-20928,2025-03-06 05:15:20.703000+00:00,2026-06-17 08:42:13.260000+00:00,Analyzed,CWE-125,2026-09-10T23:40:04.178604Z,3.1,mobile.security@samsung.com,5.5,MEDIUM,LOCAL,LOW,LOW,NONE,HIGH,NONE,NONE,,,,,,,,,,,0,
CVE-2024-7872,2025-03-06 12:15:35.667000+00:00,2026-06-17 08:21:05.350000+00:00,Deferred,CWE-201,2026-09-10T23:40:04.178604Z,3.1,iletisim@usom.gov.tr,7.6,HIGH,ADJACENT_NETWORK,LOW,NONE,NONE,HIGH,LOW,LOW,,,,,,,,,,,0,
CVE-2024-13893,2025-03-06 14:15:35.630000+00:00,2026-06-17 07:02:56.310000+00:00,Deferred,CWE-1392,2026-09-10T23:40:04.178604Z,4.0,cvd@cert.pl,7.5,HIGH,LOCAL,HIGH,NONE,NONE,,,,,,,,,,,,,,0,
CVE-2025-25451,2025-03-06 15:15:17.553000+00:00,2026-06-17 09:00:46.487000+00:00,Analyzed,CWE-287,2026-09-10T23:40:04.178604Z,3.1,134c704f-9b21-4f2e-91b3-4a467353bcc0,5.1,MEDIUM,LOCAL,LOW,NONE,NONE,LOW,LOW,NONE,,,,,,,,,,,0,
CVE-2024-58064,2025-03-06 16:15:52.733000+00:00,2026-06-17 08:14:32.960000+00:00,Modified,CWE-476,2026-09-10T23:40:04.178604Z,3.1,nvd@nist.gov,5.5,MEDIUM,LOCAL,LOW,LOW,NONE,NONE,NONE,HIGH,,,,,,,,,,,0,
CVE-2024-58073,2025-03-06 16:15:53.833000+00:00,2026-06-17 08:14:34.420000+00:00,Modified,CWE-476,2026-09-10T23:40:04.178604Z,3.1,nvd@nist.gov,5.5,MEDIUM,LOCAL,LOW,LOW,NONE,NONE,NONE,HIGH,,,,,,,,,,,0,
CVE-2024-58075,2025-03-06 16:15:54.040000+00:00,2026-08-04 11:22:38.020000+00:00,Modified,,2026-09-10T23:40:04.178604Z,3.1,nvd@nist.gov,5.5,MEDIUM,LOCAL,LOW,LOW,NONE,NONE,NONE,HIGH,,,,,,,,,,,0,
CVE-2024-13526,2025-03-07 02:15:37.120000+00:00,2026-06-17 07:02:11.653000+00:00,Analyzed,CWE-862,2026-09-10T23:40:04.178604Z,3.1,security@wordfence.com,4.3,MEDIUM,NETWORK,LOW,LOW,NONE,LOW,NONE,NONE,,,,,,,,,,,0,
CVE-2025-1475,2025-03-07 07:15:23.343000+00:00,2026-06-17 08:39:13.360000+00:00,Deferred,CWE-287,2026-09-10T23:40:04.178604Z,3.1,security@wordfence.com,9.8,CRITICAL,NETWORK,LOW,NONE,NONE,HIGH,HIGH,HIGH,,,,,,,,,,,0,
CVE-2025-27816,2025-03-07 08:15:44.527000+00:00,2026-06-17 09:04:16.193000+00:00,Deferred,CWE-502,2026-09-10T23:40:04.178604Z,3.1,cve@mitre.org,9.8,CRITICAL,NETWORK,LOW,NONE,NONE,HIGH,HIGH,HIGH,,,,,,,,,,,0,
CVE-2024-12611,2025-03-07 09:15:15.177000+00:00,2026-06-17 07:00:08.430000+00:00,Analyzed,CWE-862,2026-09-10T23:40:04.178604Z,3.1,security@wordfence.com,5.3,MEDIUM,NETWORK,LOW,NONE,NONE,NONE,LOW,NONE,,,,,,,,,,,0,
CVE-2024-13904,2025-03-07 09:15:15.817000+00:00,2026-06-17 07:02:57.800000+00:00,Analyzed,CWE-918,2026-09-10T23:40:04.178604Z,3.1,nvd@nist.gov,9.1,CRITICAL,NETWORK,LOW,NONE,NONE,HIGH,HIGH,NONE,,,,,,,,,,,0,
CVE-2025-21840,2025-03-07 09:15:17.033000+00:00,2026-06-17 08:44:24.957000+00:00,Analyzed,,2026-09-10T23:40:04.178604Z,3.1,nvd@nist.gov,5.5,MEDIUM,LOCAL,LOW,LOW,NONE,NONE,NONE,HIGH,,,,,,,,,,,0,
CVE-2024-13668,2025-03-07 10:15:16.013000+00:00,2026-06-17 07:02:29.817000+00:00,Analyzed,CWE-79,2026-09-10T23:40:04.178604Z,3.1,134c704f-9b21-4f2e-91b3-4a467353bcc0,7.1,HIGH,NETWORK,LOW,NONE,REQUIRED,LOW,LOW,LOW,,,,,,,,,,,0,
CVE-2024-53693,2025-03-07 17:15:19.910000+00:00,2026-06-17 08:09:06.840000+00:00,Analyzed,CWE-93,2026-09-10T23:40:04.178604Z,4.0,security@qnapsecurity.com.tw,7.1,HIGH,NETWORK,LOW,LOW,NONE,,,,,,,,,,,,,,0,
CVE-2025-27604,2025-03-07 17:15:22.290000+00:00,2026-06-17 09:03:53.897000+00:00,Analyzed,CWE-200,2026-09-10T23:40:04.178604Z,3.1,nvd@nist.gov,7.5,HIGH,NETWORK,LOW,NONE,NONE,HIGH,NONE,NONE,,,,,,,,,,,0,
CVE-2025-1325,2025-03-08 10:15:11.427000+00:00,2026-06-17 08:38:55.383000+00:00,Analyzed,CWE-862,2026-09-10T23:40:04.178604Z,3.1,nvd@nist.gov,6.3,MEDIUM,NETWORK,LOW,LOW,NONE,LOW,LOW,LOW,,,,,,,,,,,0,
CVE-2023-52970,2025-03-08 23:15:14.527000+00:00,2026-06-17 06:44:01.340000+00:00,Deferred,CWE-1038,2026-09-10T23:40:04.178604Z,3.1,cve@mitre.org,4.9,MEDIUM,NETWORK,LOW,HIGH,NONE,NONE,NONE,HIGH,,,,,,,,,,,0,
CVE-2025-2114,2025-03-09 05:15:30.270000+00:00,2026-06-17 09:06:21.223000+00:00,Deferred,CWE-266,2026-09-10T23:40:04.178604Z,4.0,cna@vuldb.com,6.3,MEDIUM,NETWORK,HIGH,NONE,NONE,,,,,,,,,,,,,,0,
CVE-2025-1363,2025-03-09 06:15:11.733000+00:00,2026-06-17 08:38:59.260000+00:00,Analyzed,CWE-79,2026-09-10T23:40:04.178604Z,3.1,134c704f-9b21-4f2e-91b3-4a467353bcc0,3.5,LOW,NETWORK,LOW,HIGH,REQUIRED,LOW,LOW,NONE,,,,,,,,,,,0,
CVE-2025-27257,2025-03-10 09:15:11.613000+00:00,2026-06-17 09:03:17.423000+00:00,Deferred,CWE-345,2026-09-10T23:40:04.178604Z,3.1,prodsec@nozominetworks.com,6.1,MEDIUM,ADJACENT_NETWORK,LOW,HIGH,NONE,NONE,HIGH,HIGH,,,,,,,,,,,0,
CVE-2025-24387,2025-03-10 10:15:14.360000+00:00,2026-06-17 08:58:56.950000+00:00,Analyzed,CWE-352,2026-09-10T23:40:04.178604Z,3.1,nvd@nist.gov,6.5,MEDIUM,NETWORK,LOW,NONE,REQUIRED,HIGH,NONE,NONE,,,,,,,,,,,0,
CVE-2025-2149,2025-03-10 13:15:36.290000+00:00,2026-06-17 09:06:25.313000+00:00,Analyzed,CWE-665,2026-09-10T23:40:04.178604Z,4.0,cna@vuldb.com,2.0,LOW,LOCAL,HIGH,LOW,NONE,,,,,,,,,,,,,,0,
CVE-2024-53307,2025-03-10 18:15:29.373000+00:00,2026-06-17 08:08:47.300000+00:00,Analyzed,CWE-79,2026-09-10T23:40:04.178604Z,3.1,134c704f-9b21-4f2e-91b3-4a467353bcc0,5.4,MEDIUM,NETWORK,LOW,LOW,REQUIRED,LOW,LOW,NONE,,,,,,,,,,,0,
CVE-2025-26696,2025-03-10 19:15:40.670000+00:00,2026-06-17 09:02:18.560000+00:00,Modified,CWE-290,2026-09-10T23:40:04.178604Z,3.1,134c704f-9b21-4f2e-91b3-4a467353bcc0,7.0,HIGH,NETWORK,HIGH,NONE,NONE,HIGH,LOW,LOW,,,,,,,,,,,0,
CVE-2025-27616,2025-03-10 19:15:41.080000+00:00,2026-06-17 09:03:55.173000+00:00,Deferred,CWE-290,2026-09-10T23:40:04.178604Z,3.1,security-advisories@github.com,8.5,HIGH,NETWORK,HIGH,LOW,NONE,HIGH,HIGH,HIGH,,,,,,,,,,,0,
CVE-2025-0660,2025-03-10 21:15:40.110000+00:00,2026-06-17 08:26:55.070000+00:00,Analyzed,CWE-79,2026-09-10T23:40:04.178604Z,4.0,ff5b8ace-8b95-4078-9743-eac1ca5451de,4.8,MEDIUM,NETWORK,LOW,HIGH,PASSIVE,,,,,,,,,,,,,,0,
CVE-2025-27610,2025-03-10 23:15:35.073000+00:00,2026-06-17 09:03:54.450000+00:00,Modified,CWE-23,2026-09-10T23:40:04.178604Z,3.1,security-advisories@github.com,7.5,HIGH,NETWORK,LOW,NONE,NONE,HIGH,NONE,NONE,,,,,,,,,,,0,
CVE-2024-12010,2025-03-11 02:15:10.773000+00:00,2026-06-17 06:58:52.987000+00:00,Analyzed,CWE-78,2026-09-10T23:40:04.178604Z,3.1,security@zyxel.com.tw,7.2,HIGH,NETWORK,LOW,HIGH,NONE,HIGH,HIGH,HIGH,,,,,,,,,,,0,
CVE-2025-26703,2025-03-11 07:15:34.580000+00:00,2026-06-17 09:02:19.350000+00:00,Analyzed,CWE-269,2026-09-10T23:40:04.178604Z,3.1,nvd@nist.gov,4.3,MEDIUM,NETWORK,LOW,LOW,NONE,LOW,NONE,NONE,,,,,,,,,,,0,
CVE-2025-26706,2025-03-11 07:15:35.703000+00:00,2026-06-17 09:02:19.677000+00:00,Analyzed,CWE-269,2026-09-10T23:40:04.178604Z,3.1,nvd@nist.gov,5.3,MEDIUM,NETWORK,LOW,NONE,NONE,NONE,LOW,NONE,,,,,,,,,,,0,
CVE-2025-27911,2025-03-11 08:15:11.500000+00:00,2026-06-17 09:04:22.420000+00:00,Analyzed,CWE-770,2026-09-10T23:40:04.178604Z,3.1,cve@mitre.org,6.5,MEDIUM,NETWORK,LOW,LOW,NONE,NONE,NONE,HIGH,,,,,,,,,,,0,
CVE-2025-27893,2025-03-11 09:15:25.457000+00:00,2026-06-17 09:04:21.200000+00:00,Modified,CWE-472,2026-09-10T23:40:04.178604Z,3.1,nvd@nist.gov,4.3,MEDIUM,NETWORK,LOW,LOW,NONE,NONE,LOW,NONE,,,,,,,,,,,0,
CVE-2025-23402,2025-03-11 10:15:17.680000+00:00,2026-06-17 08:54:05.013000+00:00,Analyzed,CWE-416,2026-09-10T23:40:04.178604Z,4.0,productcert@siemens.com,7.3,HIGH,LOCAL,HIGH,NONE,PASSIVE,,,,,,,,,,,,,,0,
CVE-2025-27396,2025-03-11 10:15:18.913000+00:00,2026-06-17 09:03:30.520000+00:00,Analyzed,CWE-273,2026-09-10T23:40:04.178604Z,4.0,productcert@siemens.com,8.7,HIGH,NETWORK,LOW,LOW,NONE,,,,,,,,,,,,,,0,
CVE-2025-22366,2025-03-11 14:15:24.313000+00:00,2026-06-17 08:46:48.960000+00:00,Deferred,CWE-78,2026-09-10T23:40:04.178604Z,4.0,csirt@divd.nl,8.7,HIGH,NETWORK,LOW,LOW,NONE,,,,,,,,,,,,,,0,
CVE-2025-2195,2025-03-11 14:15:27.937000+00:00,2026-06-17 09:06:30.897000+00:00,Analyzed,CWE-79,2026-09-10T23:40:04.178604Z,4.0,cna@vuldb.com,5.1,MEDIUM,NETWORK,LOW,LOW,PASSIVE,,,,,,,,,,,,,,0,
CVE-2024-32123,2025-03-11 15:15:41.353000+00:00,2026-06-17 07:29:19.387000+00:00,Analyzed,CWE-78,2026-09-10T23:40:04.178604Z,3.1,psirt@fortinet.com,6.7,MEDIUM,LOCAL,LOW,HIGH,NONE,HIGH,HIGH,HIGH,,,,,,,,,,,0,
CVE-2025-24044,2025-03-11 17:16:26.093000+00:00,2026-06-17 08:57:56.540000+00:00,Analyzed,CWE-416,2026-09-10T23:40:04.178604Z,3.1,secure@microsoft.com,7.8,HIGH,LOCAL,LOW,LOW,NONE,HIGH,HIGH,HIGH,,,,,,,,,,,0,
CVE-2025-0151,2025-03-11 18:15:29.940000+00:00,2026-06-17 08:25:58.770000+00:00,Analyzed,CWE-416,2026-09-10T23:40:04.178604Z,3.1,nvd@nist.gov,8.8,HIGH,NETWORK,LOW,LOW,NONE,HIGH,HIGH,HIGH,,,,,,,,,,,0,
CVE-2025-24431,2025-03-11 18:15:30.277000+00:00,2026-06-17 08:59:01.593000+00:00,Analyzed,CWE-125,2026-09-10T23:40:04.178604Z,3.1,psirt@adobe.com,5.5,MEDIUM,LOCAL,LOW,NONE,REQUIRED,HIGH,NONE,NONE,,,,,,,,,,,0,
CVE-2025-24448,2025-03-11 18:15:31.543000+00:00,2026-06-17 08:59:03.427000+00:00,Analyzed,CWE-125,2026-09-10T23:40:04.178604Z,3.1,psirt@adobe.com,5.5,MEDIUM,LOCAL,LOW,NONE,REQUIRED,HIGH,NONE,NONE,,,,,,,,,,,0,
CVE-2025-24452,2025-03-11 18:15:32.140000+00:00,2026-06-17 08:59:03.850000+00:00,Analyzed,CWE-787,2026-09-10T23:40:04.178604Z,3.1,psirt@adobe.com,7.8,HIGH,LOCAL,LOW,NONE,REQUIRED,HIGH,HIGH,HIGH,,,,,,,,,,,0,
CVE-2025-27166,2025-03-11 18:15:34.580000+00:00,2026-06-17 09:03:08.087000+00:00,Analyzed,CWE-787,2026-09-10T23:40:04.178604Z,3.1,psirt@adobe.com,7.8,HIGH,LOCAL,LOW,NONE,REQUIRED,HIGH,HIGH,HIGH,,,,,,,,,,,0,
CVE-2025-25925,2025-03-11 20:15:16.917000+00:00,2026-07-05 01:21:37.120000+00:00,Modified,CWE-79,2026-09-10T23:40:04.178604Z,3.1,134c704f-9b21-4f2e-91b3-4a467353bcc0,4.8,MEDIUM,NETWORK,LOW,HIGH,REQUIRED,LOW,LOW,NONE,,,,,,,,,,,0,
CVE-2025-27180,2025-03-11 21:15:42.463000+00:00,2026-06-17 09:03:09.563000+00:00,Analyzed,CWE-125,2026-09-10T23:40:04.178604Z,3.1,psirt@adobe.com,5.5,MEDIUM,LOCAL,LOW,NONE,REQUIRED,HIGH,NONE,NONE,,,,,,,,,,,0,
CVE-2025-28864,2025-03-11 21:15:43.810000+00:00,2026-06-17 09:04:47.387000+00:00,Modified,CWE-352,2026-09-10T23:40:04.178604Z,3.1,nvd@nist.gov,8.8,HIGH,NETWORK,LOW,NONE,REQUIRED,HIGH,HIGH,HIGH,,,,,,,,,,,0,
CVE-2025-28875,2025-03-11 21:15:45.053000+00:00,2026-06-17 09:04:48.507000+00:00,Modified,CWE-79,2026-09-10T23:40:04.178604Z,3.1,nvd@nist.gov,4.8,MEDIUM,NETWORK,LOW,HIGH,REQUIRED,LOW,LOW,NONE,,,,,,,,,,,0,
CVE-2025-28876,2025-03-11 21:15:45.200000+00:00,2026-06-17 09:04:48.610000+00:00,Modified,CWE-352,2026-09-10T23:40:04.178604Z,3.1,nvd@nist.gov,8.8,HIGH,NETWORK,LOW,NONE,REQUIRED,HIGH,HIGH,HIGH,,,,,,,,,,,0,
CVE-2025-28894,2025-03-11 21:15:46.723000+00:00,2026-06-17 09:04:50.360000+00:00,Deferred,CWE-352,2026-09-10T23:40:04.178604Z,3.1,audit@patchstack.com,7.1,HIGH,NETWORK,LOW,NONE,REQUIRED,LOW,LOW,LOW,,,,,,,,,,,0,
CVE-2025-28905,2025-03-11 21:15:47.780000+00:00,2026-06-17 09:04:51.397000+00:00,Deferred,CWE-79,2026-09-10T23:40:04.178604Z,3.1,audit@patchstack.com,7.1,HIGH,NETWORK,LOW,NONE,REQUIRED,LOW,LOW,LOW,,,,,,,,,,,0,
CVE-2025-28906,2025-03-11 21:15:47.933000+00:00,2026-06-17 09:04:51.493000+00:00,Deferred,CWE-79,2026-09-10T23:40:04.178604Z,3.1,audit@patchstack.com,5.9,MEDIUM,NETWORK,LOW,HIGH,REQUIRED,LOW,LOW,LOW,,,,,,,,,,,0,
CVE-2025-28910,2025-03-11 21:15:48.650000+00:00,2026-06-17 09:04:51.870000+00:00,Deferred,CWE-352,2026-09-10T23:40:04.178604Z,3.1,audit@patchstack.com,4.3,MEDIUM,NETWORK,LOW,NONE,REQUIRED,NONE,LOW,NONE,,,,,,,,,,,0,
CVE-2025-28918,2025-03-11 21:15:49.477000+00:00,2026-06-17 09:04:52.633000+00:00,Deferred,CWE-79,2026-09-10T23:40:04.178604Z,3.1,audit@patchstack.com,6.5,MEDIUM,NETWORK,LOW,LOW,REQUIRED,LOW,LOW,LOW,,,,,,,,,,,0,
CVE-2025-2016,2025-03-11 21:15:52.903000+00:00,2026-06-17 09:06:04.943000+00:00,Analyzed,CWE-843,2026-09-10T23:40:04.178604Z,3.0,zdi-disclosures@trendmicro.com,7.8,HIGH,LOCAL,LOW,NONE,REQUIRED,HIGH,HIGH,HIGH,,,,,,,,,,,0,
CVE-2025-1707,2025-03-11 22:15:12.583000+00:00,2026-06-17 08:39:38.423000+00:00,Deferred,CWE-98,2026-09-10T23:40:04.178604Z,3.1,security@wordfence.com,8.8,HIGH,NETWORK,LOW,LOW,NONE,HIGH,HIGH,HIGH,,,,,,,,,,,0,
CVE-2025-2213,2025-03-11 23:15:38.430000+00:00,2026-06-17 09:06:32.990000+00:00,Analyzed,CWE-79,2026-09-10T23:40:04.178604Z,4.0,cna@vuldb.com,4.8,MEDIUM,NETWORK,LOW,HIGH,PASSIVE,,,,,,,,,,,,,,0,
CVE-2025-2217,2025-03-12 00:15:13.023000+00:00,2026-06-17 09:06:33.527000+00:00,Analyzed,CWE-89,2026-09-10T23:40:04.178604Z,4.0,cna@vuldb.com,5.3,MEDIUM,NETWORK,LOW,LOW,NONE,,,,,,,,,,,,,,0,
CVE-2025-2077,2025-03-12 04:15:19+00:00,2026-06-17 09:06:15.610000+00:00,Analyzed,CWE-79,2026-09-10T23:40:04.178604Z,3.1,nvd@nist.gov,6.1,MEDIUM,NETWORK,LOW,NONE,REQUIRED,LOW,LOW,NONE,,,,,,,,,,,0,
CVE-2024-58088,2025-03-12 10:15:16.300000+00:00,2026-06-17 08:14:36.490000+00:00,Modified,CWE-667,2026-09-10T23:40:04.178604Z,3.1,nvd@nist.gov,5.5,MEDIUM,LOCAL,LOW,LOW,NONE,NONE,NONE,HIGH,,,,,,,,,,,0,
CVE-2025-21846,2025-03-12 10:15:16.960000+00:00,2026-07-14 13:17:24.593000+00:00,Modified,CWE-476,2026-09-10T23:40:04.178604Z,3.1,nvd@nist.gov,5.5,MEDIUM,LOCAL,LOW,LOW,NONE,NONE,NONE,HIGH,,,,,,,,,,,0,
CVE-2025-21848,2025-03-12 10:15:17.230000+00:00,2026-06-17 08:44:26.103000+00:00,Modified,CWE-476,2026-09-10T23:40:04.178604Z,3.1,nvd@nist.gov,5.5,MEDIUM,LOCAL,LOW,LOW,NONE,NONE,NONE,HIGH,,,,,,,,,,,0,
CVE-2025-21850,2025-03-12 10:15:17.507000+00:00,2026-07-30 06:21:40.990000+00:00,Modified,CWE-835,2026-09-10T23:40:04.178604Z,3.1,nvd@nist.gov,5.5,MEDIUM,LOCAL,LOW,LOW,NONE,NONE,NONE,HIGH,,,,,,,,,,,0,
CVE-2025-21853,2025-03-12 10:15:18.063000+00:00,2026-07-14 13:17:24.957000+00:00,Modified,,2026-09-10T23:40:04.178604Z,3.1,nvd@nist.gov,5.5,MEDIUM,LOCAL,LOW,LOW,NONE,NONE,NONE,HIGH,,,,,,,,,,,0,
CVE-2025-21863,2025-03-12 10:15:19.387000+00:00,2026-09-08 09:17:26.527000+00:00,Modified,,2026-09-10T23:40:04.178604Z,3.1,nvd@nist.gov,7.8,HIGH,LOCAL,LOW,LOW,NONE,HIGH,HIGH,HIGH,,,,,,,,,,,0,
CVE-2025-22954,2025-03-12 15:15:39.700000+00:00,2026-06-17 08:51:10.660000+00:00,Deferred,CWE-89,2026-09-10T23:40:04.178604Z,3.1,cve@mitre.org,10.0,CRITICAL,NETWORK,LOW,NONE,NONE,HIGH,HIGH,HIGH,,,,,,,,,,,0,
CVE-2025-29891,2025-03-12 15:15:40.997000+00:00,2026-06-17 09:05:50.273000+00:00,Analyzed,CWE-164,2026-09-10T23:40:04.178604Z,3.1,134c704f-9b21-4f2e-91b3-4a467353bcc0,4.8,MEDIUM,NETWORK,HIGH,NONE,NONE,NONE,LOW,LOW,,,,,,,,,,,0,
CVE-2025-0115,2025-03-12 19:15:37.567000+00:00,2026-06-17 08:25:52.333000+00:00,Deferred,CWE-41,2026-09-10T23:40:04.178604Z,4.0,psirt@paloaltonetworks.com,6.8,MEDIUM,LOCAL,LOW,LOW,NONE,,,,,,,,,,,,,,0,
CVE-2025-25292,2025-03-12 21:15:42.177000+00:00,2026-06-17 09:00:37.750000+00:00,Modified,CWE-347,2026-09-10T23:40:04.178604Z,4.0,security-advisories@github.com,9.3,CRITICAL,NETWORK,LOW,NONE,NONE,,,,,,,,,,,,,,0,
CVE-2025-29994,2025-03-13 12:15:13.660000+00:00,2026-06-17 09:06:02.777000+00:00,Deferred,CWE-1390,2026-09-10T23:40:04.178604Z,4.0,vdisclose@cert-in.org.in,8.2,HIGH,NETWORK,HIGH,NONE,NONE,,,,,,,,,,,,,,0,
CVE-2025-28010,2025-03-13 16:15:27.690000+00:00,2026-06-17 09:04:27.093000+00:00,Analyzed,CWE-79,2026-09-10T23:40:04.178604Z,3.1,134c704f-9b21-4f2e-91b3-4a467353bcc0,5.4,MEDIUM,NETWORK,LOW,LOW,REQUIRED,LOW,LOW,NONE,,,,,,,,,,,0,
CVE-2025-28015,2025-03-13 16:15:27.810000+00:00,2026-06-17 09:04:27.400000+00:00,Analyzed,CWE-80,2026-09-10T23:40:04.178604Z,3.1,134c704f-9b21-4f2e-91b3-4a467353bcc0,5.3,MEDIUM,LOCAL,LOW,HIGH,REQUIRED,HIGH,LOW,LOW,,,,,,,,,,,0,
CVE-2025-1428,2025-03-13 17:15:34.900000+00:00,2026-06-17 08:39:07.010000+00:00,Modified,CWE-125,2026-09-10T23:40:04.178604Z,3.1,nvd@nist.gov,7.8,HIGH,LOCAL,LOW,NONE,REQUIRED,HIGH,HIGH,HIGH,,,,,,,,,,,0,
CVE-2025-2229,2025-03-13 19:15:52.523000+00:00,2026-06-17 09:06:35.187000+00:00,Deferred,CWE-1391,2026-09-10T23:40:04.178604Z,4.0,ics-cert@hq.dhs.gov,8.5,HIGH,LOCAL,LOW,NONE,NONE,,,,,,,,,,,,,,0,
CVE-2024-55060,2025-03-13 21:15:42.507000+00:00,2026-06-17 08:10:56.080000+00:00,Analyzed,CWE-79,2026-09-10T23:40:04.178604Z,3.1,134c704f-9b21-4f2e-91b3-4a467353bcc0,6.1,MEDIUM,NETWORK,LOW,NONE,REQUIRED,LOW,LOW,NONE,,,,,,,,,,,0,
CVE-2025-2166,2025-03-14 05:15:42.723000+00:00,2026-06-17 09:06:27.163000+00:00,Deferred,CWE-79,2026-09-10T23:40:04.178604Z,3.1,security@wordfence.com,6.1,MEDIUM,NETWORK,LOW,NONE,REQUIRED,LOW,LOW,NONE,,,,,,,,,,,0,
CVE-2024-8176,2025-03-14 09:15:14.157000+00:00,2026-06-30 00:16:49.157000+00:00,Deferred,CWE-674,2026-09-10T23:40:04.178604Z,3.1,secalert@redhat.com,7.5,HIGH,NETWORK,LOW,NONE,NONE,NONE,NONE,HIGH,,,,,,,,,,,0,
CVE-2024-13772,2025-03-14 12:15:13.907000+00:00,2026-06-17 07:02:41.577000+00:00,Modified,CWE-306,2026-09-10T23:40:04.178604Z,3.1,nvd@nist.gov,5.9,MEDIUM,NETWORK,HIGH,NONE,NONE,NONE,HIGH,NONE,,,,,,,,,,,0,
CVE-2025-2304,2025-03-14 13:15:41.160000+00:00,2026-06-17 09:06:43.410000+00:00,Deferred,CWE-915,2026-09-10T23:40:04.178604Z,4.0,vulnreport@tenable.com,9.4,CRITICAL,NETWORK,LOW,LOW,NONE,,,,,,,,,,,,,,0,
CVE-2025-29030,2025-03-14 14:15:18.200000+00:00,2026-06-17 09:05:03.540000+00:00,Modified,CWE-787,2026-09-10T23:40:04.178604Z,3.1,nvd@nist.gov,9.8,CRITICAL,NETWORK,LOW,NONE,NONE,HIGH,HIGH,HIGH,,,,,,,,,,,0,
CVE-2025-29031,2025-03-14 14:15:18.430000+00:00,2026-06-17 09:05:03.700000+00:00,Modified,CWE-787,2026-09-10T23:40:04.178604Z,3.1,nvd@nist.gov,9.8,CRITICAL,NETWORK,LOW,NONE,NONE,HIGH,HIGH,HIGH,,,,,,,,,,,0,
CVE-2024-54445,2025-03-14 18:15:30.203000+00:00,2026-06-17 08:10:20.470000+00:00,Deferred,CWE-89,2026-09-10T23:40:04.178604Z,4.0,disclosure@synopsys.com,8.7,HIGH,NETWORK,LOW,NONE,NONE,,,,,,,,,,,,,,0,
CVE-2025-2320,2025-03-14 22:15:11.747000+00:00,2026-06-17 09:06:44.867000+00:00,Analyzed,CWE-266,2026-09-10T23:40:04.178604Z,4.0,cna@vuldb.com,6.9,MEDIUM,NETWORK,LOW,NONE,NONE,,,,,,,,,,,,,,0,
CVE-2024-12336,2025-03-15 04:15:20.263000+00:00,2026-06-17 06:59:31.200000+00:00,Modified,CWE-862,2026-09-10T23:40:04.178604Z,3.1,security@wordfence.com,6.5,MEDIUM,NETWORK,LOW,LOW,NONE,HIGH,NONE,NONE,,,,,,,,,,,0,
CVE-2024-13497,2025-03-15 05:15:45.713000+00:00,2026-06-17 07:02:08.100000+00:00,Analyzed,CWE-79,2026-09-10T23:40:04.178604Z,3.1,nvd@nist.gov,6.1,MEDIUM,NETWORK,LOW,NONE,REQUIRED,LOW,LOW,NONE,,,,,,,,,,,0,
CVE-2019-25222,2025-03-15 07:15:33.523000+00:00,2026-06-17 02:31:47.147000+00:00,Analyzed,CWE-89,2026-09-10T23:40:04.178604Z,3.1,nvd@nist.gov,4.9,MEDIUM,NETWORK,LOW,HIGH,NONE,HIGH,NONE,NONE,,,,,,,,,,,0,
CVE-2025-26886,2025-03-15 22:15:13.837000+00:00,2026-06-17 09:02:33.013000+00:00,Deferred,CWE-89,2026-09-10T23:40:04.178604Z,3.1,audit@patchstack.com,7.6,HIGH,NETWORK,LOW,HIGH,NONE,HIGH,NONE,LOW,,,,,,,,,,,0,
CVE-2025-26899,2025-03-15 22:15:14.250000+00:00,2026-06-17 09:02:34.277000+00:00,Deferred,CWE-352,2026-09-10T23:40:04.178604Z,3.1,audit@patchstack.com,6.5,MEDIUM,NETWORK,LOW,NONE,NONE,NONE,LOW,LOW,,,,,,,,,,,0,
CVE-2025-2337,2025-03-16 10:15:25.793000+00:00,2026-06-17 09:06:46.870000+00:00,Analyzed,CWE-119,2026-09-10T23:40:04.178604Z,4.0,cna@vuldb.com,2.1,LOW,NETWORK,LOW,NONE,PASSIVE,,,,,,,,,,,,,,0,
CVE-2025-2343,2025-03-16 18:15:11.830000+00:00,2026-06-17 09:06:47.667000+00:00,Deferred,CWE-259,2026-09-10T23:40:04.178604Z,4.0,cna@vuldb.com,7.7,HIGH,ADJACENT,HIGH,NONE,NONE,,,,,,,,,,,,,,0,
CVE-2025-2349,2025-03-16 22:15:11.747000+00:00,2026-06-17 09:06:48.437000+00:00,Analyzed,CWE-916,2026-09-10T23:40:04.178604Z,4.0,cna@vuldb.com,2.3,LOW,ADJACENT,HIGH,NONE,NONE,,,,,,,,,,,,,,0,
CVE-2025-2360,2025-03-17 04:15:16.090000+00:00,2026-06-17 09:06:49.860000+00:00,Analyzed,CWE-266,2026-09-10T23:40:04.178604Z,4.0,cna@vuldb.com,6.9,MEDIUM,NETWORK,LOW,NONE,NONE,,,,,,,,,,,,,,0,
CVE-2025-1724,2025-03-17 07:15:33.467000+00:00,2026-06-17 08:39:40.147000+00:00,Deferred,CWE-798,2026-09-10T23:40:04.178604Z,3.1,0fc0942c-577d-436f-ae8e-945763c79b02,7.4,HIGH,NETWORK,HIGH,NONE,NONE,HIGH,HIGH,NONE,,,,,,,,,,,0,
CVE-2023-52316,2025-03-17 12:15:12.127000+00:00,2025-03-17 15:15:39.247000+00:00,Rejected,,2026-09-10T23:40:04.178604Z,,,,,,,,,,,,,,,,,,,,,,0,
CVE-2020-29010,2025-03-17 14:15:16.730000+00:00,2026-06-17 03:10:58.350000+00:00,Analyzed,CWE-200,2026-09-10T23:40:04.178604Z,3.1,psirt@fortinet.com,5.0,MEDIUM,NETWORK,LOW,LOW,NONE,LOW,NONE,NONE,,,,,,,,,,,0,
CVE-2024-9055,2025-03-17 14:15:19.820000+00:00,2026-06-17 08:23:51.997000+00:00,Deferred,CWE-331,2026-09-10T23:40:04.178604Z,3.1,product-security@silabs.com,4.2,MEDIUM,PHYSICAL,HIGH,NONE,NONE,HIGH,NONE,NONE,,,,,,,,,,,0,
CVE-2025-0600,2025-03-17 14:15:20.527000+00:00,2026-06-17 08:26:47.253000+00:00,Analyzed,CWE-79,2026-09-10T23:40:04.178604Z,3.1,nvd@nist.gov,5.4,MEDIUM,NETWORK,LOW,LOW,REQUIRED,LOW,LOW,NONE,,,,,,,,,,,0,
CVE-2025-29787,2025-03-17 14:15:22.447000+00:00,2026-06-17 09:05:40.253000+00:00,Deferred,CWE-22,2026-09-10T23:40:04.178604Z,4.0,security-advisories@github.com,7.3,HIGH,NETWORK,HIGH,LOW,NONE,,,,,,,,,,,,,,0,
CVE-2025-22473,2025-03-17 18:15:21.077000+00:00,2026-06-17 08:47:37.073000+00:00,Analyzed,CWE-77,2026-09-10T23:40:04.178604Z,3.1,security_alert@emc.com,7.8,HIGH,LOCAL,LOW,LOW,NONE,HIGH,HIGH,HIGH,,,,,,,,,,,0,
CVE-2018-9200,2025-03-17 23:15:13.967000+00:00,2025-03-17 23:15:13.967000+00:00,Rejected,,2026-09-10T23:40:04.178604Z,,,,,,,,,,,,,,,,,,,,,,0,
CVE-2022-47401,2025-03-17 23:15:15.830000+00:00,2025-03-17 23:15:15.830000+00:00,Rejected,,2026-09-10T23:40:04.178604Z,,,,,,,,,,,,,,,,,,,,,,0,
CVE-2023-46721,2025-03-17 23:15:16.813000+00:00,2025-03-17 23:15:16.813000+00:00,Rejected,,2026-09-10T23:40:04.178604Z,,,,,,,,,,,,,,,,,,,,,,0,
CVE-2024-56501,2025-03-17 23:15:17.367000+00:00,2025-03-17 23:15:17.367000+00:00,Rejected,,2026-09-10T23:40:04.178604Z,,,,,,,,,,,,,,,,,,,,,,0,
CVE-2024-56502,2025-03-17 23:15:17.433000+00:00,2025-03-17 23:15:17.433000+00:00,Rejected,,2026-09-10T23:40:04.178604Z,,,,,,,,,,,,,,,,,,,,,,0,
CVE-2025-25585,2025-03-18 15:16:00.253000+00:00,2026-06-17 09:00:55.163000+00:00,Analyzed,CWE-284,2026-09-10T23:40:04.178604Z,3.1,134c704f-9b21-4f2e-91b3-4a467353bcc0,7.3,HIGH,LOCAL,LOW,NONE,REQUIRED,HIGH,HIGH,LOW,,,,,,,,,,,0,
CVE-2025-25582,2025-03-18 16:15:26.900000+00:00,2026-06-17 09:00:55.007000+00:00,Analyzed,CWE-89,2026-09-10T23:40:04.178604Z,3.1,134c704f-9b21-4f2e-91b3-4a467353bcc0,6.1,MEDIUM,LOCAL,LOW,LOW,REQUIRED,HIGH,LOW,LOW,,,,,,,,,,,0,
CVE-2025-25586,2025-03-18 16:15:27.047000+00:00,2026-06-17 09:00:55.317000+00:00,Analyzed,CWE-538,2026-09-10T23:40:04.178604Z,3.1,134c704f-9b21-4f2e-91b3-4a467353bcc0,4.2,MEDIUM,LOCAL,HIGH,LOW,REQUIRED,LOW,LOW,LOW,,,,,,,,,,,0,
CVE-2025-29118,2025-03-19 17:15:41.377000+00:00,2026-06-17 09:05:08.440000+00:00,Analyzed,CWE-121,2026-09-10T23:40:04.178604Z,3.1,134c704f-9b21-4f2e-91b3-4a467353bcc0,6.5,MEDIUM,ADJACENT_NETWORK,LOW,NONE,NONE,NONE,NONE,HIGH,,,,,,,,,,,0,
CVE-2025-27782,2025-03-19 21:15:40.267000+00:00,2026-06-17 09:04:12.970000+00:00,Analyzed,CWE-22,2026-09-10T23:40:04.178604Z,4.0,security-advisories@github.com,7.7,HIGH,NETWORK,LOW,NONE,NONE,,,,,,,,,,,,,,0,
CVE-2024-13880,2025-03-20 06:15:22.213000+00:00,2026-06-17 07:02:54.733000+00:00,Analyzed,CWE-79,2026-09-10T23:40:04.178604Z,3.1,134c704f-9b21-4f2e-91b3-4a467353bcc0,7.1,HIGH,NETWORK,LOW,NONE,REQUIRED,LOW,LOW,LOW,,,,,,,,,,,0,
CVE-2024-12016,2025-03-20 08:15:11.547000+00:00,2026-06-17 06:58:53.753000+00:00,Deferred,CWE-89,2026-09-10T23:40:04.178604Z,3.1,iletisim@usom.gov.tr,9.8,CRITICAL,NETWORK,LOW,NONE,NONE,HIGH,HIGH,HIGH,,,,,,,,,,,0,
CVE-2024-10264,2025-03-20 10:15:15.487000+00:00,2026-06-17 06:55:15.710000+00:00,Analyzed,CWE-444,2026-09-10T23:40:04.178604Z,3.1,nvd@nist.gov,9.8,CRITICAL,NETWORK,LOW,NONE,NONE,HIGH,HIGH,HIGH,,,,,,,,,,,0,
CVE-2024-10550,2025-03-20 10:15:17.390000+00:00,2026-06-17 06:55:54.623000+00:00,Analyzed,CWE-1333,2026-09-10T23:40:04.178604Z,3.0,security@huntr.dev,7.5,HIGH,NETWORK,LOW,NONE,NONE,NONE,NONE,HIGH,,,,,,,,,,,0,
CVE-2024-10713,2025-03-20 10:15:18.400000+00:00,2026-06-17 06:56:15.053000+00:00,Deferred,CWE-770,2026-09-10T23:40:04.178604Z,3.0,security@huntr.dev,7.5,HIGH,NETWORK,LOW,NONE,NONE,NONE,NONE,HIGH,,,,,,,,,,,0,
CVE-2024-10812,2025-03-20 10:15:19.880000+00:00,2026-06-17 06:56:29.497000+00:00,Analyzed,CWE-601,2026-09-10T23:40:04.178604Z,3.0,security@huntr.dev,6.1,MEDIUM,NETWORK,LOW,NONE,REQUIRED,LOW,LOW,NONE,,,,,,,,,,,0,
CVE-2024-11301,2025-03-20 10:15:24.890000+00:00,2026-06-17 06:57:29.620000+00:00,Analyzed,CWE-837,2026-09-10T23:40:04.178604Z,3.0,security@huntr.dev,6.5,MEDIUM,NETWORK,LOW,LOW,NONE,NONE,HIGH,NONE,,,,,,,,,,,0,
CVE-2024-12868,2025-03-20 10:15:30.960000+00:00,2025-04-15 16:15:21.850000+00:00,Rejected,,2026-09-10T23:40:04.178604Z,,,,,,,,,,,,,,,,,,,,,,0,
CVE-2024-12886,2025-03-20 10:15:31.713000+00:00,2026-06-17 07:00:42.287000+00:00,Deferred,CWE-409,2026-09-10T23:40:04.178604Z,3.0,security@huntr.dev,7.5,HIGH,NETWORK,LOW,NONE,NONE,NONE,NONE,HIGH,,,,,,,,,,,0,
CVE-2024-12911,2025-03-20 10:15:32.083000+00:00,2026-06-17 07:00:44.960000+00:00,Modified,CWE-89,2026-09-10T23:40:04.178604Z,3.0,security@huntr.dev,7.1,HIGH,NETWORK,LOW,NONE,REQUIRED,NONE,LOW,HIGH,,,,,,,,,,,0,
CVE-2024-4023,2025-03-20 10:15:32.473000+00:00,2026-06-17 08:00:57.380000+00:00,Analyzed,CWE-79,2026-09-10T23:40:04.178604Z,3.0,security@huntr.dev,8.1,HIGH,NETWORK,LOW,NONE,REQUIRED,HIGH,NONE,HIGH,,,,,,,,,,,0,
CVE-2024-7053,2025-03-20 10:15:36.217000+00:00,2026-08-13 15:19:00.333000+00:00,Rejected,,2026-09-10T23:40:04.178604Z,,,,,,,,,,,,,,,,,,,,,,0,
CVE-2024-8101,2025-03-20 10:15:41.130000+00:00,2026-06-17 08:21:52.453000+00:00,Analyzed,CWE-79,2026-09-10T23:40:04.178604Z,3.1,nvd@nist.gov,6.1,MEDIUM,NETWORK,LOW,NONE,REQUIRED,LOW,LOW,NONE,,,,,,,,,,,0,
CVE-2024-8537,2025-03-20 10:15:42.970000+00:00,2026-06-17 08:22:48.977000+00:00,Analyzed,CWE-29,2026-09-10T23:40:04.178604Z,3.0,security@huntr.dev,9.1,CRITICAL,NETWORK,LOW,NONE,NONE,NONE,HIGH,HIGH,,,,,,,,,,,0,
CVE-2024-8765,2025-03-20 10:15:44.103000+00:00,2026-06-17 08:23:15.730000+00:00,Analyzed,CWE-41,2026-09-10T23:40:04.178604Z,3.0,security@huntr.dev,7.3,HIGH,NETWORK,LOW,NONE,NONE,LOW,LOW,LOW,,,,,,,,,,,0,
CVE-2024-8898,2025-03-20 10:15:44.590000+00:00,2026-06-17 08:23:31.147000+00:00,Analyzed,CWE-22,2026-09-10T23:40:04.178604Z,3.1,nvd@nist.gov,9.8,CRITICAL,NETWORK,LOW,NONE,NONE,HIGH,HIGH,HIGH,,,,,,,,,,,0,
CVE-2024-8954,2025-03-20 10:15:44.967000+00:00,2026-06-17 08:23:37.513000+00:00,Analyzed,CWE-304,2026-09-10T23:40:04.178604Z,3.0,security@huntr.dev,9.8,CRITICAL,NETWORK,LOW,NONE,NONE,HIGH,HIGH,HIGH,,,,,,,,,,,0,
CVE-2024-8955,2025-03-20 10:15:45.087000+00:00,2026-06-17 08:23:37.707000+00:00,Modified,CWE-918,2026-09-10T23:40:04.178604Z,3.1,nvd@nist.gov,7.5,HIGH,NETWORK,LOW,NONE,NONE,HIGH,NONE,NONE,,,,,,,,,,,0,
CVE-2024-8966,2025-03-20 10:15:45.340000+00:00,2026-06-17 08:23:38.927000+00:00,Modified,CWE-770,2026-09-10T23:40:04.178604Z,3.1,nvd@nist.gov,7.5,HIGH,NETWORK,LOW,NONE,NONE,NONE,NONE,HIGH,,,,,,,,,,,0,
CVE-2024-8999,2025-03-20 10:15:45.830000+00:00,2026-06-17 08:23:45.750000+00:00,Modified,CWE-862,2026-09-10T23:40:04.178604Z,3.1,nvd@nist.gov,7.5,HIGH,NETWORK,LOW,NONE,NONE,HIGH,NONE,NONE,,,,,,,,,,,0,
CVE-2024-9880,2025-03-20 10:15:50.300000+00:00,2025-03-26 17:15:25.453000+00:00,Rejected,,2026-09-10T23:40:04.178604Z,,,,,,,,,,,,,,,,,,,,,,0,
CVE-2025-0182,2025-03-20 10:15:50.910000+00:00,2026-06-17 08:26:01.833000+00:00,Deferred,CWE-770,2026-09-10T23:40:04.178604Z,3.0,security@huntr.dev,7.5,HIGH,NETWORK,LOW,NONE,NONE,NONE,NONE,HIGH,,,,,,,,,,,0,
CVE-2025-0188,2025-03-20 10:15:51.533000+00:00,2026-06-17 08:26:02.503000+00:00,Analyzed,CWE-918,2026-09-10T23:40:04.178604Z,3.0,security@huntr.dev,6.5,MEDIUM,NETWORK,LOW,LOW,NONE,HIGH,NONE,NONE,,,,,,,,,,,0,
CVE-2025-0454,2025-03-20 10:15:53.157000+00:00,2026-06-17 08:26:30.740000+00:00,Analyzed,CWE-918,2026-09-10T23:40:04.178604Z,3.1,nvd@nist.gov,7.5,HIGH,NETWORK,LOW,NONE,NONE,NONE,HIGH,NONE,,,,,,,,,,,0,
CVE-2025-1473,2025-03-20 10:15:53.903000+00:00,2026-06-17 08:39:13.143000+00:00,Analyzed,CWE-352,2026-09-10T23:40:04.178604Z,3.1,nvd@nist.gov,7.1,HIGH,NETWORK,LOW,NONE,REQUIRED,HIGH,LOW,NONE,,,,,,,,,,,0,
CVE-2025-29412,2025-03-20 14:15:24.653000+00:00,2026-06-17 09:05:21.253000+00:00,Analyzed,CWE-79,2026-09-10T23:40:04.178604Z,3.1,134c704f-9b21-4f2e-91b3-4a467353bcc0,4.8,MEDIUM,NETWORK,LOW,HIGH,REQUIRED,LOW,LOW,NONE,,,,,,,,,,,0,
CVE-2025-29411,2025-03-20 15:15:46.050000+00:00,2026-06-17 09:05:21.103000+00:00,Analyzed,CWE-434,2026-09-10T23:40:04.178604Z,3.1,134c704f-9b21-4f2e-91b3-4a467353bcc0,9.8,CRITICAL,NETWORK,LOW,NONE,NONE,HIGH,HIGH,HIGH,,,,,,,,,,,0,
CVE-2025-2553,2025-03-20 18:15:19.973000+00:00,2026-06-17 09:07:10.107000+00:00,Analyzed,CWE-266,2026-09-10T23:40:04.178604Z,4.0,cna@vuldb.com,5.3,MEDIUM,ADJACENT,LOW,NONE,NONE,,,,,,,,,,,,,,0,
CVE-2025-29217,2025-03-20 19:15:37.680000+00:00,2026-07-05 01:21:39.550000+00:00,Modified,CWE-121,2026-09-10T23:40:04.178604Z,3.1,134c704f-9b21-4f2e-91b3-4a467353bcc0,6.5,MEDIUM,NETWORK,LOW,LOW,NONE,NONE,NONE,HIGH,,,,,,,,,,,0,
CVE-2025-2589,2025-03-21 13:15:34.830000+00:00,2026-06-17 09:07:14.327000+00:00,Analyzed,CWE-862,2026-09-10T23:40:04.178604Z,4.0,cna@vuldb.com,5.1,MEDIUM,ADJACENT,LOW,LOW,NONE,,,,,,,,,,,,,,0,
CVE-2025-25036,2025-03-21 20:15:15.293000+00:00,2026-06-17 09:00:10.597000+00:00,Deferred,CWE-611,2026-09-10T23:40:04.178604Z,3.1,disclosure@vulncheck.com,6.8,MEDIUM,NETWORK,LOW,HIGH,NONE,HIGH,NONE,NONE,,,,,,,,,,,0,
CVE-2025-2607,2025-03-21 21:15:37.430000+00:00,2026-06-17 09:07:16.540000+00:00,Analyzed,CWE-434,2026-09-10T23:40:04.178604Z,4.0,cna@vuldb.com,5.3,MEDIUM,NETWORK,LOW,LOW,NONE,,,,,,,,,,,,,,0,
CVE-2024-13768,2025-03-22 07:15:23.743000+00:00,2026-06-17 07:02:41.083000+00:00,Deferred,CWE-352,2026-09-10T23:40:04.178604Z,3.1,security@wordfence.com,4.3,MEDIUM,NETWORK,LOW,NONE,REQUIRED,NONE,LOW,NONE,,,,,,,,,,,0,
CVE-2025-2627,2025-03-22 21:15:36.997000+00:00,2026-06-17 09:07:18.960000+00:00,Analyzed,CWE-89,2026-09-10T23:40:04.178604Z,4.0,cna@vuldb.com,5.3,MEDIUM,NETWORK,LOW,LOW,NONE,,,,,,,,,,,,,,0,
CVE-2018-25109,2025-03-23 23:15:13.060000+00:00,2026-06-17 01:54:44.310000+00:00,Deferred,CWE-119,2026-09-10T23:40:04.178604Z,4.0,cna@vuldb.com,5.4,MEDIUM,PHYSICAL,HIGH,NONE,NONE,,,,,,,,,,,,,,0,
CVE-2025-2679,2025-03-24 03:15:15.553000+00:00,2026-06-17 09:07:25.677000+00:00,Analyzed,CWE-89,2026-09-10T23:40:04.178604Z,4.0,cna@vuldb.com,6.9,MEDIUM,NETWORK,LOW,NONE,NONE,,,,,,,,,,,,,,0,
CVE-2024-8774,2025-03-24 13:15:25.693000+00:00,2026-06-17 08:23:16.693000+00:00,Deferred,CWE-257,2026-09-10T23:40:04.178604Z,4.0,cvd@cert.pl,7.7,HIGH,NETWORK,HIGH,LOW,NONE,,,,,,,,,,,,,,0,
CVE-2025-30556,2025-03-24 14:15:24.837000+00:00,2026-06-17 09:08:55.180000+00:00,Deferred,CWE-352,2026-09-10T23:40:04.178604Z,3.1,audit@patchstack.com,4.3,MEDIUM,NETWORK,LOW,NONE,REQUIRED,NONE,LOW,NONE,,,,,,,,,,,0,
CVE-2025-30570,2025-03-24 14:15:28.937000+00:00,2026-06-17 09:08:56.520000+00:00,Deferred,CWE-89,2026-09-10T23:40:04.178604Z,3.1,audit@patchstack.com,7.6,HIGH,NETWORK,LOW,HIGH,NONE,HIGH,NONE,LOW,,,,,,,,,,,0,
CVE-2025-30575,2025-03-24 14:15:29.650000+00:00,2026-06-17 09:08:57.010000+00:00,Deferred,CWE-79,2026-09-10T23:40:04.178604Z,3.1,audit@patchstack.com,5.9,MEDIUM,NETWORK,LOW,HIGH,REQUIRED,LOW,LOW,LOW,,,,,,,,,,,0,
CVE-2025-30591,2025-03-24 14:15:31.333000+00:00,2026-06-17 09:08:58.577000+00:00,Deferred,CWE-862,2026-09-10T23:40:04.178604Z,3.1,audit@patchstack.com,5.3,MEDIUM,NETWORK,LOW,NONE,NONE,LOW,NONE,NONE,,,,,,,,,,,0,
CVE-2025-30604,2025-03-24 14:15:32.953000+00:00,2026-06-17 09:09:01.350000+00:00,Deferred,CWE-89,2026-09-10T23:40:04.178604Z,3.1,audit@patchstack.com,7.6,HIGH,NETWORK,LOW,HIGH,NONE,HIGH,NONE,LOW,,,,,,,,,,,0,
CVE-2025-2326,2025-03-24 15:15:16.830000+00:00,2025-03-24 15:15:16.830000+00:00,Rejected,,2026-09-10T23:40:04.178604Z,,,,,,,,,,,,,,,,,,,,,,0,
CVE-2025-2708,2025-03-24 20:15:18.950000+00:00,2026-06-17 09:07:28.810000+00:00,Analyzed,CWE-22,2026-09-10T23:40:04.178604Z,4.0,cna@vuldb.com,5.3,MEDIUM,NETWORK,LOW,LOW,NONE,,,,,,,,,,,,,,0,
CVE-2025-29310,2025-03-24 21:15:17.893000+00:00,2026-06-17 09:05:15.810000+00:00,Analyzed,CWE-502,2026-09-10T23:40:04.178604Z,3.1,134c704f-9b21-4f2e-91b3-4a467353bcc0,9.8,CRITICAL,NETWORK,LOW,NONE,NONE,HIGH,HIGH,HIGH,,,,,,,,,,,0,
CVE-2025-2715,2025-03-24 23:15:13.440000+00:00,2026-06-17 09:07:29.733000+00:00,Deferred,CWE-79,2026-09-10T23:40:04.178604Z,4.0,cna@vuldb.com,5.1,MEDIUM,NETWORK,LOW,LOW,PASSIVE,,,,,,,,,,,,,,0,
CVE-2025-1098,2025-03-25 00:15:14.613000+00:00,2026-06-17 08:38:22.883000+00:00,Deferred,CWE-20,2026-09-10T23:40:04.178604Z,3.1,jordan@liggitt.net,8.8,HIGH,NETWORK,LOW,LOW,NONE,HIGH,HIGH,HIGH,,,,,,,,,,,0,
CVE-2025-2722,2025-03-25 01:15:11.617000+00:00,2025-04-22 13:15:43.080000+00:00,Rejected,,2026-09-10T23:40:04.178604Z,,,,,,,,,,,,,,,,,,,,,,0,
CVE-2024-11272,2025-03-25 06:15:38.530000+00:00,2026-06-17 06:57:26.570000+00:00,Analyzed,CWE-79,2026-09-10T23:40:04.178604Z,3.1,134c704f-9b21-4f2e-91b3-4a467353bcc0,6.1,MEDIUM,NETWORK,LOW,NONE,REQUIRED,LOW,LOW,NONE,,,,,,,,,,,0,
CVE-2025-2224,2025-03-25 06:15:41.327000+00:00,2026-06-17 09:06:34.457000+00:00,Deferred,CWE-862,2026-09-10T23:40:04.178604Z,3.1,security@wordfence.com,5.3,MEDIUM,NETWORK,LOW,NONE,NONE,LOW,NONE,NONE,,,,,,,,,,,0,
CVE-2022-1804,2025-03-25 13:15:38.703000+00:00,2026-06-17 04:23:08.613000+00:00,Analyzed,CWE-269,2026-09-10T23:40:04.178604Z,3.1,security@ubuntu.com,5.5,MEDIUM,LOCAL,LOW,LOW,NONE,NONE,NONE,HIGH,,,,,,,,,,,0,
CVE-2025-27632,2025-03-25 13:15:41.090000+00:00,2026-06-17 09:03:56.057000+00:00,Deferred,CWE-644,2026-09-10T23:40:04.178604Z,3.1,cybersecurity@hitachienergy.com,6.1,MEDIUM,NETWORK,LOW,NONE,REQUIRED,LOW,LOW,NONE,,,,,,,,,,,0,
CVE-2025-27633,2025-03-25 13:15:41.223000+00:00,2026-06-17 09:03:56.150000+00:00,Deferred,CWE-79,2026-09-10T23:40:04.178604Z,3.1,cybersecurity@hitachienergy.com,6.1,MEDIUM,NETWORK,LOW,NONE,REQUIRED,LOW,LOW,NONE,,,,,,,,,,,0,
CVE-2025-25374,2025-03-25 21:15:42.250000+00:00,2026-06-17 09:00:43.473000+00:00,Analyzed,CWE-400,2026-09-10T23:40:04.178604Z,3.1,134c704f-9b21-4f2e-91b3-4a467353bcc0,7.5,HIGH,NETWORK,LOW,NONE,NONE,NONE,NONE,HIGH,,,,,,,,,,,0,
CVE-2025-27832,2025-03-25 21:15:42.570000+00:00,2026-06-17 09:04:18.340000+00:00,Modified,CWE-120,2026-09-10T23:40:04.178604Z,3.1,134c704f-9b21-4f2e-91b3-4a467353bcc0,9.8,CRITICAL,NETWORK,LOW,NONE,NONE,HIGH,HIGH,HIGH,,,,,,,,,,,0,
CVE-2024-13889,2025-03-26 12:15:14.590000+00:00,2026-06-17 07:02:55.793000+00:00,Deferred,CWE-502,2026-09-10T23:40:04.178604Z,3.1,security@wordfence.com,7.2,HIGH,NETWORK,LOW,HIGH,NONE,HIGH,HIGH,HIGH,,,,,,,,,,,0,
CVE-2022-39163,2025-03-26 14:15:20.793000+00:00,2026-06-17 04:57:49.880000+00:00,Analyzed,CWE-444,2026-09-10T23:40:04.178604Z,3.1,psirt@us.ibm.com,4.7,MEDIUM,NETWORK,HIGH,NONE,REQUIRED,LOW,LOW,NONE,,,,,,,,,,,0,
CVE-2025-26575,2025-03-26 15:16:11.203000+00:00,2026-06-17 09:02:03.090000+00:00,Deferred,CWE-79,2026-09-10T23:40:04.178604Z,3.1,audit@patchstack.com,7.1,HIGH,NETWORK,LOW,NONE,REQUIRED,LOW,LOW,LOW,,,,,,,,,,,0,
CVE-2025-26581,2025-03-26 15:16:11.720000+00:00,2026-06-17 09:02:03.670000+00:00,Deferred,CWE-79,2026-09-10T23:40:04.178604Z,3.1,audit@patchstack.com,7.1,HIGH,NETWORK,LOW,NONE,REQUIRED,LOW,LOW,LOW,,,,,,,,,,,0,
CVE-2025-28880,2025-03-26 15:16:15.070000+00:00,2026-06-17 09:04:49.023000+00:00,Deferred,CWE-79,2026-09-10T23:40:04.178604Z,3.1,audit@patchstack.com,7.1,HIGH,NETWORK,LOW,NONE,REQUIRED,LOW,LOW,LOW,,,,,,,,,,,0,
CVE-2025-28903,2025-03-26 15:16:16.340000+00:00,2026-06-17 09:04:51.210000+00:00,Deferred,CWE-79,2026-09-10T23:40:04.178604Z,3.1,audit@patchstack.com,7.1,HIGH,NETWORK,LOW,NONE,REQUIRED,LOW,LOW,LOW,,,,,,,,,,,0,
CVE-2025-28911,2025-03-26 15:16:16.493000+00:00,2026-06-17 09:04:51.967000+00:00,Deferred,CWE-79,2026-09-10T23:40:04.178604Z,3.1,audit@patchstack.com,7.1,HIGH,NETWORK,LOW,NONE,REQUIRED,LOW,LOW,LOW,,,,,,,,,,,0,
CVE-2025-28921,2025-03-26 15:16:16.943000+00:00,2026-06-17 09:04:53.457000+00:00,Deferred,CWE-79,2026-09-10T23:40:04.178604Z,3.1,audit@patchstack.com,7.1,HIGH,NETWORK,LOW,NONE,REQUIRED,LOW,LOW,LOW,,,,,,,,,,,0,
CVE-2025-28934,2025-03-26 15:16:17.517000+00:00,2026-06-17 09:04:54.940000+00:00,Deferred,CWE-79,2026-09-10T23:40:04.178604Z,3.1,audit@patchstack.com,7.1,HIGH,NETWORK,LOW,NONE,REQUIRED,LOW,LOW,LOW,,,,,,,,,,,0,
CVE-2025-30350,2025-03-26 17:15:27.093000+00:00,2026-06-17 09:08:33.693000+00:00,Analyzed,CWE-770,2026-09-10T23:40:04.178604Z,3.1,security-advisories@github.com,5.3,MEDIUM,NETWORK,LOW,NONE,NONE,NONE,NONE,LOW,,,,,,,,,,,0,
CVE-2025-2562,2025-03-26 18:15:26.247000+00:00,2026-06-17 09:07:11.150000+00:00,Analyzed,CWE-778,2026-09-10T23:40:04.178604Z,3.1,134c704f-9b21-4f2e-91b3-4a467353bcc0,5.4,MEDIUM,NETWORK,LOW,LOW,NONE,LOW,LOW,NONE,,,,,,,,,,,0,
CVE-2025-2600,2025-03-26 18:15:26.437000+00:00,2026-06-17 09:07:15.620000+00:00,Modified,CWE-285,2026-09-10T23:40:04.178604Z,3.1,134c704f-9b21-4f2e-91b3-4a467353bcc0,6.8,MEDIUM,NETWORK,LOW,LOW,REQUIRED,HIGH,LOW,LOW,,,,,,,,,,,0,
CVE-2024-45352,2025-03-27 02:15:15.873000+00:00,2026-06-17 07:54:04.533000+00:00,Deferred,CWE-346,2026-09-10T23:40:04.178604Z,3.1,security@xiaomi.com,8.8,HIGH,NETWORK,LOW,NONE,REQUIRED,HIGH,HIGH,HIGH,,,,,,,,,,,0,
CVE-2025-31110,2025-03-27 04:15:28.787000+00:00,2025-03-27 04:15:28.787000+00:00,Rejected,,2026-09-10T23:40:04.178604Z,,,,,,,,,,,,,,,,,,,,,,0,
CVE-2025-30770,2025-03-27 11:15:38.113000+00:00,2026-06-17 09:09:19.723000+00:00,Deferred,CWE-79,2026-09-10T23:40:04.178604Z,3.1,audit@patchstack.com,6.5,MEDIUM,NETWORK,LOW,LOW,REQUIRED,LOW,LOW,LOW,,,,,,,,,,,0,
CVE-2025-30773,2025-03-27 11:15:38.537000+00:00,2026-06-17 09:09:20.017000+00:00,Deferred,CWE-502,2026-09-10T23:40:04.178604Z,3.1,audit@patchstack.com,7.2,HIGH,NETWORK,LOW,HIGH,NONE,HIGH,HIGH,HIGH,,,,,,,,,,,0,
CVE-2025-30777,2025-03-27 11:15:38.930000+00:00,2026-06-17 09:09:20.410000+00:00,Deferred,CWE-639,2026-09-10T23:40:04.178604Z,3.1,audit@patchstack.com,4.3,MEDIUM,NETWORK,LOW,LOW,NONE,NONE,LOW,NONE,,,,,,,,,,,0,
CVE-2025-30791,2025-03-27 11:15:40.490000+00:00,2026-06-17 09:09:21.777000+00:00,Deferred,CWE-89,2026-09-10T23:40:04.178604Z,3.1,audit@patchstack.com,7.6,HIGH,NETWORK,LOW,HIGH,NONE,HIGH,NONE,LOW,,,,,,,,,,,0,
CVE-2025-30799,2025-03-27 11:15:40.883000+00:00,2026-06-17 09:09:22.560000+00:00,Deferred,CWE-79,2026-09-10T23:40:04.178604Z,3.1,audit@patchstack.com,5.9,MEDIUM,NETWORK,LOW,HIGH,REQUIRED,LOW,LOW,LOW,,,,,,,,,,,0,
CVE-2025-30838,2025-03-27 11:15:45.060000+00:00,2026-06-17 09:09:26.447000+00:00,Deferred,CWE-79,2026-09-10T23:40:04.178604Z,3.1,audit@patchstack.com,6.5,MEDIUM,NETWORK,LOW,LOW,REQUIRED,LOW,LOW,LOW,,,,,,,,,,,0,
CVE-2025-21867,2025-03-27 14:15:47.750000+00:00,2026-07-14 13:17:26.030000+00:00,Modified,CWE-416,2026-09-10T23:40:04.178604Z,3.1,134c704f-9b21-4f2e-91b3-4a467353bcc0,7.8,HIGH,LOCAL,LOW,LOW,NONE,HIGH,HIGH,HIGH,,,,,,,,,,,0,
CVE-2025-21868,2025-03-27 14:15:47.873000+00:00,2026-07-30 06:21:42.160000+00:00,Modified,,2026-09-10T23:40:04.178604Z,3.1,nvd@nist.gov,5.5,MEDIUM,LOCAL,LOW,LOW,NONE,NONE,NONE,HIGH,,,,,,,,,,,0,
CVE-2025-26732,2025-03-27 14:15:53.293000+00:00,2026-06-17 09:02:20.467000+00:00,Deferred,CWE-79,2026-09-10T23:40:04.178604Z,3.1,audit@patchstack.com,6.5,MEDIUM,NETWORK,LOW,LOW,REQUIRED,LOW,LOW,LOW,,,,,,,,,,,0,
CVE-2025-2867,2025-03-27 14:15:55.827000+00:00,2026-06-17 09:07:45.850000+00:00,Analyzed,CWE-94,2026-09-10T23:40:04.178604Z,3.1,nvd@nist.gov,6.5,MEDIUM,NETWORK,LOW,LOW,NONE,HIGH,NONE,NONE,,,,,,,,,,,0,
CVE-2025-21878,2025-03-27 15:15:55.657000+00:00,2026-06-17 08:44:30.883000+00:00,Modified,CWE-667,2026-09-10T23:40:04.178604Z,3.1,nvd@nist.gov,5.5,MEDIUM,LOCAL,LOW,LOW,NONE,NONE,NONE,HIGH,,,,,,,,,,,0,
CVE-2025-21882,2025-03-27 15:15:56.117000+00:00,2026-07-30 06:21:54.870000+00:00,Modified,CWE-401,2026-09-10T23:40:04.178604Z,3.1,nvd@nist.gov,5.5,MEDIUM,LOCAL,LOW,LOW,NONE,NONE,NONE,HIGH,,,,,,,,,,,0,
CVE-2025-22644,2025-03-27 15:15:57.247000+00:00,2026-06-17 08:48:56.300000+00:00,Modified,CWE-79,2026-09-10T23:40:04.178604Z,3.1,audit@patchstack.com,6.5,MEDIUM,NETWORK,LOW,LOW,REQUIRED,LOW,LOW,LOW,,,,,,,,,,,0,
CVE-2025-22669,2025-03-27 15:15:59.047000+00:00,2026-06-17 08:49:07.843000+00:00,Deferred,CWE-352,2026-09-10T23:40:04.178604Z,3.1,audit@patchstack.com,4.3,MEDIUM,NETWORK,LOW,NONE,REQUIRED,NONE,LOW,NONE,,,,,,,,,,,0,
CVE-2025-29484,2025-03-27 15:15:59.760000+00:00,2026-06-17 09:05:26.283000+00:00,Analyzed,CWE-400,2026-09-10T23:40:04.178604Z,3.1,134c704f-9b21-4f2e-91b3-4a467353bcc0,7.5,HIGH,NETWORK,LOW,NONE,NONE,NONE,NONE,HIGH,,,,,,,,,,,0,
CVE-2025-2516,2025-03-27 15:16:01.280000+00:00,2026-06-17 09:07:05.833000+00:00,Deferred,CWE-326,2026-09-10T23:40:04.178604Z,4.0,security@eset.com,9.5,CRITICAL,NETWORK,HIGH,NONE,NONE,,,,,,,,,,,,,,0,
CVE-2025-2854,2025-03-27 15:16:01.713000+00:00,2026-06-17 09:07:44.347000+00:00,Analyzed,CWE-74,2026-09-10T23:40:04.178604Z,4.0,cna@vuldb.com,5.3,MEDIUM,NETWORK,LOW,LOW,NONE,,,,,,,,,,,,,,0,
CVE-2025-30358,2025-03-27 15:16:02.297000+00:00,2026-06-17 09:08:34.693000+00:00,Deferred,CWE-915,2026-09-10T23:40:04.178604Z,3.1,security-advisories@github.com,8.1,HIGH,NETWORK,LOW,LOW,NONE,NONE,HIGH,HIGH,,,,,,,,,,,0,
CVE-2025-22629,2025-03-27 16:15:28.280000+00:00,2026-06-17 08:48:49.063000+00:00,Deferred,CWE-862,2026-09-10T23:40:04.178604Z,3.1,audit@patchstack.com,5.3,MEDIUM,NETWORK,LOW,NONE,NONE,NONE,LOW,NONE,,,,,,,,,,,0,
CVE-2025-22638,2025-03-27 16:15:28.723000+00:00,2026-06-17 08:48:53.460000+00:00,Deferred,CWE-79,2026-09-10T23:40:04.178604Z,3.1,audit@patchstack.com,6.5,MEDIUM,NETWORK,LOW,LOW,REQUIRED,LOW,LOW,LOW,,,,,,,,,,,0,
CVE-2023-52932,2025-03-27 17:15:42.930000+00:00,2026-06-17 06:43:57.810000+00:00,Modified,CWE-667,2026-09-10T23:40:04.178604Z,3.1,nvd@nist.gov,5.5,MEDIUM,LOCAL,LOW,LOW,NONE,NONE,NONE,HIGH,,,,,,,,,,,0,
CVE-2023-52938,2025-03-27 17:15:43.687000+00:00,2026-06-17 06:43:58.760000+00:00,Modified,CWE-476,2026-09-10T23:40:04.178604Z,3.1,nvd@nist.gov,5.5,MEDIUM,LOCAL,LOW,LOW,NONE,NONE,NONE,HIGH,,,,,,,,,,,0,
CVE-2023-52982,2025-03-27 17:15:45.437000+00:00,2026-06-17 06:44:03.057000+00:00,Analyzed,,2026-09-10T23:40:04.178604Z,3.1,nvd@nist.gov,5.5,MEDIUM,LOCAL,LOW,LOW,NONE,NONE,NONE,HIGH,,,,,,,,,,,0,
CVE-2023-52998,2025-03-27 17:15:48.560000+00:00,2026-06-17 06:44:05.180000+00:00,Analyzed,,2026-09-10T23:40:04.178604Z,3.1,nvd@nist.gov,5.5,MEDIUM,LOCAL,LOW,LOW,NONE,NONE,NONE,HIGH,,,,,,,,,,,0,
CVE-2023-37405,2025-03-27 18:17:28.463000+00:00,2026-06-17 06:08:09.477000+00:00,Analyzed,CWE-311,2026-09-10T23:40:04.178604Z,3.1,psirt@us.ibm.com,6.5,MEDIUM,NETWORK,LOW,LOW,NONE,HIGH,NONE,NONE,,,,,,,,,,,0,
CVE-2024-49564,2025-03-28 02:15:13.670000+00:00,2026-06-17 07:59:59.190000+00:00,Analyzed,CWE-78,2026-09-10T23:40:04.178604Z,3.1,security_alert@emc.com,7.8,HIGH,LOCAL,LOW,LOW,NONE,HIGH,HIGH,HIGH,,,,,,,,,,,0,
CVE-2024-13939,2025-03-28 03:15:15.720000+00:00,2026-06-17 07:03:01.300000+00:00,Analyzed,CWE-203,2026-09-10T23:40:04.178604Z,3.1,134c704f-9b21-4f2e-91b3-4a467353bcc0,7.5,HIGH,NETWORK,LOW,NONE,NONE,HIGH,NONE,NONE,,,,,,,,,,,0,
CVE-2024-49601,2025-03-28 03:15:16.650000+00:00,2026-06-17 08:00:07.710000+00:00,Analyzed,CWE-78,2026-09-10T23:40:04.178604Z,3.1,nvd@nist.gov,9.8,CRITICAL,NETWORK,LOW,NONE,NONE,HIGH,HIGH,HIGH,,,,,,,,,,,0,
CVE-2025-2894,2025-03-28 03:15:18.780000+00:00,2026-06-17 09:07:48.727000+00:00,Analyzed,CWE-912,2026-09-10T23:40:04.178604Z,3.1,cve@takeonme.org,6.6,MEDIUM,NETWORK,HIGH,HIGH,NONE,HIGH,HIGH,HIGH,,,,,,,,,,,0,
CVE-2025-1762,2025-03-28 06:15:32.770000+00:00,2026-06-17 08:39:44.017000+00:00,Analyzed,CWE-352,2026-09-10T23:40:04.178604Z,3.1,134c704f-9b21-4f2e-91b3-4a467353bcc0,4.3,MEDIUM,NETWORK,LOW,NONE,REQUIRED,NONE,LOW,NONE,,,,,,,,,,,0,
CVE-2025-2328,2025-03-28 07:15:39.243000+00:00,2026-06-17 09:06:45.850000+00:00,Analyzed,CWE-22,2026-09-10T23:40:04.178604Z,3.1,security@wordfence.com,8.8,HIGH,NETWORK,LOW,NONE,REQUIRED,HIGH,HIGH,HIGH,,,,,,,,,,,0,
CVE-2025-2074,2025-03-28 08:15:15.430000+00:00,2026-06-17 09:06:15.290000+00:00,Deferred,CWE-89,2026-09-10T23:40:04.178604Z,3.1,security@wordfence.com,5.3,MEDIUM,NETWORK,HIGH,LOW,NONE,HIGH,NONE,NONE,,,,,,,,,,,0,
CVE-2025-31090,2025-03-28 10:15:17.467000+00:00,2026-06-17 09:09:51.263000+00:00,Deferred,CWE-79,2026-09-10T23:40:04.178604Z,3.1,audit@patchstack.com,6.5,MEDIUM,NETWORK,LOW,LOW,REQUIRED,LOW,LOW,LOW,,,,,,,,,,,0,
CVE-2025-31464,2025-03-28 12:15:19.107000+00:00,2026-06-17 09:10:26.803000+00:00,Deferred,CWE-79,2026-09-10T23:40:04.178604Z,3.1,audit@patchstack.com,5.9,MEDIUM,NETWORK,LOW,HIGH,REQUIRED,LOW,LOW,LOW,,,,,,,,,,,0,
CVE-2025-31472,2025-03-28 12:15:19.963000+00:00,2026-06-17 09:10:27.720000+00:00,Deferred,CWE-79,2026-09-10T23:40:04.178604Z,3.1,audit@patchstack.com,5.9,MEDIUM,NETWORK,LOW,HIGH,REQUIRED,LOW,LOW,LOW,,,,,,,,,,,0,
CVE-2025-2901,2025-03-28 14:15:22.020000+00:00,2025-06-20 12:15:21.010000+00:00,Rejected,,2026-09-10T23:40:04.178604Z,,,,,,,,,,,,,,,,,,,,,,0,
CVE-2024-51624,2025-03-28 15:15:45.393000+00:00,2026-06-17 08:06:02.587000+00:00,Deferred,CWE-79,2026-09-10T23:40:04.178604Z,3.1,audit@patchstack.com,7.1,HIGH,NETWORK,LOW,NONE,REQUIRED,LOW,LOW,LOW,,,,,,,,,,,0,
CVE-2025-22360,2025-03-28 15:15:46.653000+00:00,2026-06-17 08:46:45.993000+00:00,Deferred,CWE-79,2026-09-10T23:40:04.178604Z,3.1,audit@patchstack.com,7.1,HIGH,NETWORK,LOW,NONE,REQUIRED,LOW,LOW,LOW,,,,,,,,,,,0,
CVE-2025-22501,2025-03-28 15:15:46.790000+00:00,2026-06-17 08:47:48.447000+00:00,Deferred,CWE-80,2026-09-10T23:40:04.178604Z,3.1,audit@patchstack.com,7.1,HIGH,NETWORK,LOW,NONE,REQUIRED,LOW,LOW,LOW,,,,,,,,,,,0,
CVE-2025-2913,2025-03-28 17:15:30.260000+00:00,2026-06-17 09:07:50.380000+00:00,Analyzed,CWE-416,2026-09-10T23:40:04.178604Z,4.0,cna@vuldb.com,1.9,LOW,LOCAL,LOW,LOW,NONE,,,,,,,,,,,,,,0,
CVE-2025-2921,2025-03-28 18:15:17.830000+00:00,2026-06-17 09:07:51.400000+00:00,Analyzed,CWE-1393,2026-09-10T23:40:04.178604Z,4.0,cna@vuldb.com,5.4,MEDIUM,PHYSICAL,HIGH,NONE,NONE,,,,,,,,,,,,,,0,
CVE-2025-2925,2025-03-28 20:15:26.440000+00:00,2026-06-17 09:07:51.927000+00:00,Modified,CWE-415,2026-09-10T23:40:04.178604Z,4.0,cna@vuldb.com,1.9,LOW,LOCAL,LOW,LOW,NONE,,,,,,,,,,,,,,0,
CVE-2025-28094,2025-03-28 22:15:18.563000+00:00,2026-06-17 09:04:33.473000+00:00,Analyzed,CWE-79,2026-09-10T23:40:04.178604Z,3.1,134c704f-9b21-4f2e-91b3-4a467353bcc0,6.5,MEDIUM,NETWORK,LOW,LOW,REQUIRED,LOW,LOW,LOW,,,,,,,,,,,0,
CVE-2025-1736,2025-03-30 06:15:14.803000+00:00,2026-06-17 08:39:41.260000+00:00,Modified,CWE-20,2026-09-10T23:40:04.178604Z,4.0,security@php.net,6.3,MEDIUM,NETWORK,HIGH,NONE,NONE,,,,,,,,,,,,,,0,
CVE-2025-2958,2025-03-30 20:15:14.490000+00:00,2026-06-17 09:07:55.247000+00:00,Analyzed,CWE-404,2026-09-10T23:40:04.178604Z,4.0,cna@vuldb.com,7.1,HIGH,ADJACENT,LOW,NONE,NONE,,,,,,,,,,,,,,0,
CVE-2025-2970,2025-03-31 02:15:21.583000+00:00,2025-04-04 01:15:40.067000+00:00,Rejected,,2026-09-10T23:40:04.178604Z,,,,,,,,,,,,,,,,,,,,,,0,
CVE-2025-2071,2025-03-31 09:15:14.807000+00:00,2026-06-17 09:06:14.913000+00:00,Deferred,CWE-78,2026-09-10T23:40:04.178604Z,4.0,551230f0-3615-47bd-b7cc-93e92e730bbf,10.0,CRITICAL,NETWORK,LOW,NONE,NONE,,,,,,,,,,,,,,0,
CVE-2025-2990,2025-03-31 10:15:16.367000+00:00,2026-06-17 09:07:59.650000+00:00,Analyzed,CWE-266,2026-09-10T23:40:04.178604Z,4.0,cna@vuldb.com,6.9,MEDIUM,NETWORK,LOW,NONE,NONE,,,,,,,,,,,,,,0,
CVE-2025-2992,2025-03-31 11:15:39.393000+00:00,2026-06-17 09:07:59.920000+00:00,Analyzed,CWE-266,2026-09-10T23:40:04.178604Z,4.0,cna@vuldb.com,6.9,MEDIUM,NETWORK,LOW,NONE,NONE,,,,,,,,,,,,,,0,
CVE-2025-2586,2025-03-31 12:15:15.073000+00:00,2026-06-25 23:17:00.883000+00:00,Deferred,CWE-400,2026-09-10T23:40:04.178604Z,3.1,secalert@redhat.com,7.5,HIGH,NETWORK,LOW,NONE,NONE,NONE,NONE,HIGH,,,,,,,,,,,0,
CVE-2025-31533,2025-03-31 13:15:47.437000+00:00,2026-06-17 09:10:32.577000+00:00,Deferred,CWE-862,2026-09-10T23:40:04.178604Z,3.1,audit@patchstack.com,5.3,MEDIUM,NETWORK,LOW,NONE,NONE,NONE,NONE,LOW,,,,,,,,,,,0,
CVE-2024-12021,2025-03-31 14:15:18.303000+00:00,2026-06-17 06:58:54.247000+00:00,Deferred,CWE-79,2026-09-10T23:40:04.178604Z,4.0,disclosure@synopsys.com,8.5,HIGH,NETWORK,LOW,HIGH,NONE,,,,,,,,,,,,,,0,
CVE-2025-22937,2025-03-31 15:15:43.417000+00:00,2026-06-17 08:51:05.703000+00:00,Modified,CWE-269,2026-09-10T23:40:04.178604Z,3.1,134c704f-9b21-4f2e-91b3-4a467353bcc0,9.8,CRITICAL,NETWORK,LOW,NONE,NONE,HIGH,HIGH,HIGH,,,,,,,,,,,0,
CVE-2025-30095,2025-03-31 15:15:44.843000+00:00,2026-06-17 09:08:09.230000+00:00,Deferred,CWE-321,2026-09-10T23:40:04.178604Z,3.1,cve@mitre.org,9.0,CRITICAL,NETWORK,HIGH,NONE,NONE,HIGH,HIGH,HIGH,,,,,,,,,,,0,
CVE-2025-3048,2025-03-31 16:15:27.857000+00:00,2026-06-17 09:19:05.687000+00:00,Deferred,CWE-61,2026-09-10T23:40:04.178604Z,4.0,ff89ba41-3aa1-4d27-914a-91399e9639e5,6.9,MEDIUM,NETWORK,LOW,NONE,ACTIVE,,,,,,,,,,,,,,0,
CVE-2025-29908,2025-03-31 19:15:40.367000+00:00,2026-06-17 09:05:51.863000+00:00,Deferred,CWE-407,2026-09-10T23:40:04.178604Z,3.1,security-advisories@github.com,5.3,MEDIUM,NETWORK,LOW,NONE,NONE,NONE,NONE,LOW,,,,,,,,,,,0,
CVE-2025-3016,2025-03-31 21:15:53.940000+00:00,2026-06-17 09:19:01.570000+00:00,Analyzed,CWE-404,2026-09-10T23:40:04.178604Z,4.0,cna@vuldb.com,5.3,MEDIUM,NETWORK,LOW,NONE,PASSIVE,,,,,,,,,,,,,,0,
CVE-2025-31675,2025-03-31 22:15:20.003000+00:00,2026-06-17 09:10:44.933000+00:00,Modified,CWE-79,2026-09-10T23:40:04.178604Z,3.1,134c704f-9b21-4f2e-91b3-4a467353bcc0,5.4,MEDIUM,NETWORK,LOW,LOW,REQUIRED,LOW,LOW,NONE,,,,,,,,,,,0,
CVE-2025-31676,2025-03-31 22:15:20.113000+00:00,2026-06-17 09:10:45.083000+00:00,Analyzed,CWE-307,2026-09-10T23:40:04.178604Z,3.1,134c704f-9b21-4f2e-91b3-4a467353bcc0,8.8,HIGH,NETWORK,LOW,LOW,NONE,HIGH,HIGH,HIGH,,,,,,,,,,,0,
CVE-2025-31687,2025-03-31 22:15:21.317000+00:00,2026-06-17 09:10:46.590000+00:00,Analyzed,CWE-79,2026-09-10T23:40:04.178604Z,3.1,134c704f-9b21-4f2e-91b3-4a467353bcc0,6.1,MEDIUM,NETWORK,LOW,NONE,REQUIRED,LOW,LOW,NONE,,,,,,,,,,,0,
CVE-2025-24249,2025-03-31 23:15:22.090000+00:00,2026-06-17 08:58:24.573000+00:00,Modified,CWE-862,2026-09-10T23:40:04.178604Z,3.1,134c704f-9b21-4f2e-91b3-4a467353bcc0,9.8,CRITICAL,NETWORK,LOW,NONE,NONE,HIGH,HIGH,HIGH,,,,,,,,,,,0,
CVE-2025-24259,2025-03-31 23:15:22.820000+00:00,2026-07-23 14:16:57.703000+00:00,Modified,CWE-284,2026-09-10T23:40:04.178604Z,3.1,134c704f-9b21-4f2e-91b3-4a467353bcc0,9.8,CRITICAL,NETWORK,LOW,NONE,NONE,HIGH,HIGH,HIGH,,,,,,,,,,,0,
CVE-2025-24263,2025-03-31 23:15:23.247000+00:00,2026-06-17 08:58:26.663000+00:00,Analyzed,CWE-200,2026-09-10T23:40:04.178604Z,3.1,134c704f-9b21-4f2e-91b3-4a467353bcc0,9.8,CRITICAL,NETWORK,LOW,NONE,NONE,HIGH,HIGH,HIGH,,,,,,,,,,,0,
CVE-2025-24280,2025-03-31 23:15:24.383000+00:00,2026-06-17 08:58:28.927000+00:00,Modified,CWE-200,2026-09-10T23:40:04.178604Z,3.1,134c704f-9b21-4f2e-91b3-4a467353bcc0,5.5,MEDIUM,LOCAL,LOW,NONE,REQUIRED,HIGH,NONE,NONE,,,,,,,,,,,0,
CVE-2025-24283,2025-03-31 23:15:24.663000+00:00,2026-06-17 08:58:29.347000+00:00,Modified,CWE-200,2026-09-10T23:40:04.178604Z,3.1,134c704f-9b21-4f2e-91b3-4a467353bcc0,5.5,MEDIUM,LOCAL,LOW,NONE,REQUIRED,HIGH,NONE,NONE,,,,,,,,,,,0,
CVE-2025-30427,2025-03-31 23:15:25.037000+00:00,2026-06-17 09:08:42.333000+00:00,Modified,CWE-416,2026-09-10T23:40:04.178604Z,3.1,134c704f-9b21-4f2e-91b3-4a467353bcc0,4.3,MEDIUM,NETWORK,LOW,NONE,REQUIRED,NONE,NONE,LOW,,,,,,,,,,,0,
CVE-2025-30430,2025-03-31 23:15:25.313000+00:00,2026-06-17 09:08:42.767000+00:00,Modified,CWE-287,2026-09-10T23:40:04.178604Z,3.1,134c704f-9b21-4f2e-91b3-4a467353bcc0,9.8,CRITICAL,NETWORK,LOW,NONE,NONE,HIGH,HIGH,HIGH,,,,,,,,,,,0,
CVE-2025-30434,2025-03-31 23:15:25.600000+00:00,2026-06-17 09:08:43.347000+00:00,Modified,CWE-79,2026-09-10T23:40:04.178604Z,3.1,134c704f-9b21-4f2e-91b3-4a467353bcc0,5.0,MEDIUM,LOCAL,LOW,NONE,REQUIRED,LOW,LOW,NONE,,,,,,,,,,,0,
CVE-2025-30435,2025-03-31 23:15:25.687000+00:00,2026-06-17 09:08:43.483000+00:00,Modified,CWE-200,2026-09-10T23:40:04.178604Z,3.1,134c704f-9b21-4f2e-91b3-4a467353bcc0,5.5,MEDIUM,LOCAL,LOW,NONE,REQUIRED,HIGH,NONE,NONE,,,,,,,,,,,0,
CVE-2025-30438,2025-03-31 23:15:25.887000+00:00,2026-06-17 09:08:43.897000+00:00,Modified,CWE-284,2026-09-10T23:40:04.178604Z,3.1,134c704f-9b21-4f2e-91b3-4a467353bcc0,5.5,MEDIUM,LOCAL,LOW,NONE,REQUIRED,NONE,HIGH,NONE,,,,,,,,,,,0,
CVE-2025-3038,2025-03-31 23:15:29.787000+00:00,2026-06-17 09:19:04.390000+00:00,Analyzed,CWE-74,2026-09-10T23:40:04.178604Z,4.0,cna@vuldb.com,5.3,MEDIUM,NETWORK,LOW,LOW,NONE,,,,,,,,,,,,,,0,
CVE-2025-3061,2025-03-31 23:15:30.537000+00:00,2026-06-17 09:19:07.110000+00:00,Analyzed,CWE-287,2026-09-10T23:40:04.178604Z,3.1,134c704f-9b21-4f2e-91b3-4a467353bcc0,6.6,MEDIUM,NETWORK,HIGH,HIGH,NONE,HIGH,HIGH,HIGH,,,,,,,,,,,0,
